FID,Animal,Count,Bearing,Distance,NObservers,Vehicle,Day,Month,Year,Territory,StartingTi,Time,CarNorthin,CarEasting,AdjNorthin,AdjEasting,AccurateCo,FirstDetec,Sample_ID,Site_ID,DSclass
0,Hyena,1,179,321,1,HiLux,26,8,2012,West,6:29,7:37,9833781.389,749457.7009,9833460.438,749463.3031,1,1,1,14,7
1,Hyena,25,80,202,1,HiLux,26,8,2012,West,6:29,8:04,9833809.143,746756.8478,9833844.22,746955.779,0,1,1,15,4
2,Lion,1,80,202,1,HiLux,26,8,2012,West,6:29,8:04,9833809.143,746756.8478,9833844.22,746955.779,0,1,1,15,4
3,Lion,4,141,577.5,1,HiLux,26,8,2012,West,6:29,8:19,9834421.443,747721.7477,9833972.641,748085.1803,0,0,1,15,9
4,Hyena,18,141,577.5,1,HiLux,26,8,2012,West,6:29,8:19,9834421.443,747721.7477,9833972.641,748085.1803,0,0,1,15,9
5,Hyena,1,358,67.5,1,HiLux,26,8,2012,West,6:29,8:26,9834921.727,747074.626,9834989.186,747072.2702,1,1,1,15,1
6,Hyena,1,31,237,1,HiLux,26,8,2012,West,6:29,8:29,9835244.728,746985.1328,9835447.877,747107.1968,1,1,1,15,1
7,Hyena,1,331,313,1,HiLux,26,8,2012,West,6:29,8:41,9835909.536,747402.4173,9836181.958,747248.2887,1,1,1,15,1
8,Hyena,5,24,395,1,HiLux,27,8,2012,West,6:25,6:28,9835508.694,747754.6575,9835869.544,747915.3185,1,1,1,15,8
9,Hyena,1,18,700,1,HiLux,27,8,2012,West,6:25,6:32,9835788.926,747509.2565,9836454.665,747725.5684,1,1,1,15,10
10,BlackBackedJackal,3,187,288,1,HiLux,27,8,2012,West,6:25,6:47,9837849.599,745211.6695,9837563.746,745176.5711,1,1,1,16,4
11,Hyena,2,335,262,1,HiLux,27,8,2012,West,6:25,7:13,9834753.391,745410.3886,9834990.843,745299.6626,1,1,1,16,3
12,BlackBackedJackal,2,187,95,1,HiLux,27,8,2012,West,6:25,8:34,9840020.589,744631.4206,9839926.297,744619.843,1,1,1,17,1
13,BatEaredFox,2,58,67,2,HiLux,28,8,2012,West,6:26,7:25,9840135.21,744566.0191,9840170.715,744622.8384,1,1,1,17,2
14,BandedMongoose,19,119,201.5,2,HiLux,28,8,2012,West,6:26,8:13,9838421.119,746119.4394,9838323.43,746295.6753,1,1,1,17,1
15,Hyena,2,179,577,2,HiLux,28,8,2012,West,6:26,9:26,9835895.619,748682.1076,9835318.707,748692.1777,1,1,1,14,3
16,BlackBackedJackal,1,330,14,2,HiLux,28,8,2012,West,6:26,10:01,9833366.684,747057.9229,9833378.809,747050.9229,1,1,1,15,1
17,Hyena,1,304,46.5,2,HiLux,28,8,2012,West,6:26,10:13,9834928.509,747455.6314,9834954.511,747417.0812,1,1,1,15,1
18,Hyena,2,112,124,2,HiLux,28,8,2012,West,6:26,11:09,9836746.665,744516.4793,9836700.214,744631.4501,1,0,1,16,3
19,Hyena,2,153,231,1,HiLux,18,10,2012,West,6:06,8:56,9835908.121,746021.2858,9835702.298,746126.1576,1,1,2,16,2
20,BandedMongoose,18,335,184,1,HiLux,18,10,2012,West,6:06,9:49,9839960.903,742282.2641,9840127.664,742204.5023,1,1,2,17,1
21,BandedMongoose,7,336,95.5,1,HiLux,18,10,2012,West,6:06,9:51,9840233.993,742172.7118,9840321.237,742133.8685,1,1,2,17,1
22,Hyena,1,38,179,1,HiLux,19,10,2012,West,6:05,6:06,9835510.135,747750.7959,9835651.189,747860.9993,1,1,2,15,4
23,Hyena,2,296,78,1,HiLux,19,10,2012,West,6:05,6:08,9835515.651,747742.0584,9835549.844,747671.9524,1,1,2,15,1
24,Hyena,1,288,80,1,HiLux,19,10,2012,West,6:05,6:10,9835546.639,747712.3707,9835571.36,747636.2861,1,1,2,15,1
25,Hyena,1,325,194,1,HiLux,19,10,2012,West,6:05,6:14,9835865.076,747441.8517,9836023.992,747330.5779,1,1,2,15,1
26,Hyena,4,251,166,1,HiLux,19,10,2012,West,6:05,6:17,9836422.276,747095.8974,9836368.232,746938.9413,1,1,2,15,3
27,Hyena,13,326,259,1,HiLux,19,10,2012,West,6:05,6:19,9836425.179,747094.9485,9836639.9,746950.1175,1,1,2,15,1
28,Hyena,3,232,273.5,1,HiLux,19,10,2012,West,6:05,7:00,9834850.598,745995.6107,9834682.215,745780.0898,1,1,2,16,3
29,Hyena,1,224,416.5,1,HiLux,19,10,2012,West,6:05,7:22,9836933.382,744366.9511,9836633.777,744077.6258,1,1,2,16,5
30,BlackBackedJackal,1,252,105,1,HiLux,19,10,2012,West,6:05,8:39,9839540.876,744716.2675,9839508.429,744616.4066,1,1,2,17,3
31,BlackBackedJackal,1,4,129,1,HiLux,19,10,2012,West,6:05,9:28,9837327.146,749192.5203,9837455.832,749201.5189,1,1,2,14,1
32,BlackBackedJackal,1,156,23,1,HiLux,19,10,2012,West,6:05,10:22,9834392.824,749746.2634,9834371.813,749755.6183,1,1,2,14,1
33,Hyena,4,300,153.5,1,HiLux,19,10,2012,West,6:05,10:26,9834328.744,749966.4562,9834405.494,749833.5213,1,1,2,14,1
34,Hyena,1,17,403.5,1,HiLux,20,10,2012,West,6:08,6:08,9838567.993,744337.7547,9838953.862,744455.7267,1,1,2,16,6
35,Hyena,2,95,372,1,HiLux,20,10,2012,West,6:08,6:41,9840310.814,743237.162,9840278.392,743607.7464,1,1,2,17,3
36,Hyena,1,62,239,1,HiLux,20,10,2012,West,6:08,6:41,9840310.814,743237.162,9840423.017,743448.1865,1,0,2,17,4
37,Hyena,2,91,338,1,HiLux,20,10,2012,West,6:08,6:47,9840196.814,743544.1962,9840190.915,743882.1447,1,0,2,17,2
38,SlenderMongoose,1,165,17,1,HiLux,20,10,2012,West,6:08,7:42,9838137.05,747299.5553,9838120.629,747303.9553,1,1,2,17,1
39,Hyena,2,196,63,1,HiLux,20,10,2012,West,6:08,10:14,9835826.811,746047.219,9835766.252,746029.8538,1,1,2,16,1
40,Hyena,1,42,109,1,WhiteCruiser,2,12,2012,West,6:10,8:04,9834964.701,745091.8336,9835045.704,745164.7689,1,1,3,16,3
41,Hyena,1,357,415,1,WhiteCruiser,2,12,2012,West,6:10,8:34,9839029.246,743948.156,9839443.677,743926.4366,1,1,3,16,7
42,BatEaredFox,1,19,17.5,1,WhiteCruiser,2,12,2012,West,6:10,8:57,9840358.718,742909.7979,9840375.265,742915.4954,1,1,3,17,1
43,Hyena,1,102,459.5,1,WhiteCruiser,2,12,2012,West,6:10,9:01,9840282.056,743312.453,9840186.52,743761.9118,1,0,3,17,2
44,Hyena,2,358,403,1,WhiteCruiser,3,12,2012,West,6:11,6:28,9837716.391,745667.2119,9838119.146,745653.1474,1,1,3,15,7
45,Hyena,1,24,523.5,1,WhiteCruiser,3,12,2012,West,6:11,7:24,9838595.277,744340.1233,9839073.518,744553.05,1,1,3,16,9
46,Hyena,1,352,333,1,WhiteCruiser,3,12,2012,West,6:11,7:24,9838595.277,744340.1233,9838925.036,744293.7787,1,1,3,16,3
47,BandedMongoose,10,104,85,1,WhiteCruiser,3,12,2012,West,6:11,8:14,9839802.777,745430.6374,9839782.213,745513.1126,0,1,3,17,2
48,BlackBackedJackal,2,45,629,1,WhiteCruiser,3,12,2012,West,6:11,8:22,9838680.854,745408.9948,9839125.624,745853.7649,1,1,3,17,13
49,Lion,1,2,433.5,1,WhiteCruiser,4,12,2012,West,6:09,6:31,9839862.817,742374.0781,9840296.053,742389.207,1,1,3,17,1
50,BlackBackedJackal,2,118,291,1,WhiteCruiser,4,12,2012,West,6:09,6:54,9840271.385,743417.5456,9840134.769,743674.4833,1,1,3,17,1
51,Cheetah,1,140,370,1,WhiteCruiser,4,12,2012,West,6:09,10:07,9838092.431,743609.9899,9837808.995,743847.8213,1,0,3,16,7
52,Hyena,1,98,25.5,1,WhiteCruiser,4,12,2012,West,6:09,10:15,9838450.421,744300.5684,9838446.872,744325.8202,1,1,3,16,1
53,Hyena,1,257,36,1,GreenCruiserKBR,3,1,2013,West,6:23,7:05,9836655.12,748505.0427,9836647.022,748469.9654,1,1,4,14,1
54,Hyena,1,305,287.5,1,GreenCruiserKBR,3,1,2013,West,6:23,7:09,9836665.186,748249.551,9836830.089,748014.0448,1,1,4,14,4
55,Hyena,1,164,110,1,GreenCruiserKBR,3,1,2013,West,6:23,7:18,9836634.627,748470.2547,9836528.888,748500.5748,1,1,4,14,2
56,Hyena,1,312,371,1,GreenCruiserKBR,3,1,2013,West,6:23,8:18,9834082.756,746885.8163,9834331.003,746610.1096,1,1,4,15,7
57,Cheetah,3,264,289.5,1,GreenCruiserKBR,3,1,2013,West,6:23,9:13,9834834.114,745894.0936,9834803.853,745606.1795,1,1,4,16,1
58,BandedMongoose,6,75,125,1,GreenCruiserKBR,3,1,2013,West,6:23,11:12,9840323.528,742770.856,9840355.88,742891.5968,1,1,4,17,1
59,BlackBackedJackal,1,272,93,1,GreenCruiserKBR,5,1,2013,West,6:23,6:38,9837046.697,746567.1957,9837049.943,746474.2524,1,1,4,15,2
60,BandedMongoose,6,145,186,1,GreenCruiserKBR,5,1,2013,West,6:23,9:19,9837669.729,751393.5152,9837517.366,751500.2004,1,1,4,14,3
61,Hyena,1,0,0,1,GreenCruiserKBR,5,1,2013,West,6:23,9:27,9837219.358,749114.1897,9837219.358,749114.1897,1,0,4,14,1
62,BlackBackedJackal,1,0,0,1,GreenCruiserKBR,5,1,2013,West,6:23,9:27,9837219.358,749114.1897,9837219.358,749114.1897,1,0,4,14,1
63,Hyena,1,339,52,1,GreenCruiserKBR,6,1,2013,West,6:27,7:04,9840223.458,744525.4217,9840272.004,744506.7866,1,1,4,17,2
64,Hyena,1,110,511.5,1,GreenCruiserKBR,6,1,2013,West,6:27,7:05,9840215.569,744534.0639,9840040.626,745014.7167,1,1,4,17,8
65,Hyena,1,89,190.5,1,GreenCruiserKBR,6,1,2013,West,6:27,7:18,9839174.749,745103.2651,9839178.073,745293.7361,1,1,4,17,3
66,Hyena,1,125,173,1,GreenCruiserKBR,6,1,2013,West,6:27,7:37,9838706.071,745382.1371,9838606.842,745523.8504,1,1,4,17,1
67,Hyena,1,242,190,1,GreenCruiserKBR,6,1,2013,West,6:27,8:38,9836226.047,748723.8989,9836136.847,748556.1389,1,1,4,14,4
68,Hyena,3,254,285.5,1,GreenCruiserKBR,6,1,2013,West,6:27,8:45,9835703.584,748617.343,9835624.89,748342.9028,1,0,4,14,5
69,BlackBackedJackal,1,254,285.5,1,GreenCruiserKBR,6,1,2013,West,6:27,8:45,9835703.584,748617.343,9835624.89,748342.9028,1,0,4,14,5
70,BandedMongoose,3,41,112.5,1,GreenCruiserKBR,6,1,2013,West,6:27,9:59,9836110.342,744661.5398,9836195.247,744735.3465,1,1,4,16,2
71,Cheetah,1,14,301,1,Maruti,18,2,2013,West,6:36,8:22,9836466.481,747051.6663,9836758.54,747124.4848,1,1,5,15,6
72,BandedMongoose,1,43,19,1,Maruti,18,2,2013,West,6:36,10:09,9838056.8,747565.9228,9838070.695,747578.8808,1,1,5,17,1
73,Lion,1,189,360.5,1,Maruti,19,2,2013,West,6:39,7:28,9836525.134,743435.8707,9836169.072,743379.476,1,1,5,16,7
74,Hyena,1,24,398,1,Maruti,19,2,2013,West,6:39,7:41,9838246.241,744210.9513,9838609.832,744372.8325,1,1,5,16,1
75,BandedMongoose,4,3,75,1,Maruti,19,2,2013,West,6:39,8:13,9840052.287,744124.5869,9840127.184,744128.5121,1,1,5,17,2
76,BatEaredFox,1,140,95.5,1,Maruti,19,2,2013,West,6:39,8:34,9839666.288,745395.8587,9839593.131,745457.2449,1,1,5,17,2
77,BlackBackedJackal,2,243,156,1,Maruti,20,2,2013,West,6:40,8:30,9836667.571,748312.3325,9836596.748,748173.3354,1,1,5,14,2
78,Hyena,1,262,47,1,GreenCruiserKBR,16,3,2013,West,6:40,8:05,9834199.391,746905.5106,9834192.85,746858.968,1,1,6,15,1
79,Hyena,1,321,100.5,1,GreenCruiserKBR,16,3,2013,West,6:40,8:14,9835152.687,746996.2931,9835230.79,746933.0464,1,1,6,15,1
80,Hyena,1,243,343,1,GreenCruiserKBR,17,3,2013,West,6:36,6:44,9836430.212,747096.7731,9836274.493,746791.1579,1,1,6,15,7
81,BlackBackedJackal,2,331,194,1,GreenCruiserKBR,17,3,2013,West,6:36,7:57,9839219.58,743669.7125,9839389.256,743575.6595,1,1,6,16,2
82,Hyena,11,52,317,1,GreenCruiserKBR,17,3,2013,West,6:36,8:13,9840337.046,742412.0617,9840532.211,742661.8611,1,1,6,17,5
83,Hyena,2,0,0,1,GreenCruiserKBR,17,3,2013,West,6:36,8:30,9840038.896,744233.6614,9840038.896,744233.6614,1,0,6,17,1
84,BlackBackedJackal,2,218,153,1,GreenCruiserKBR,17,3,2013,West,6:36,8:39,9840003.094,744631.3476,9839882.528,744537.1514,1,1,6,17,3
85,Hyena,1,166,631.5,1,GreenCruiserKBR,17,3,2013,West,6:36,8:45,9839169.79,745110.9209,9838557.049,745263.6946,1,1,6,17,4
86,BlackBackedJackal,1,165,215,1,GreenCruiserKBR,17,3,2013,West,6:36,9:55,9836535.019,748629.3044,9836327.345,748684.9505,1,1,6,14,1
87,Hyena,1,139,174,1,GreenCruiserKBR,18,3,2013,West,6:38,7:15,9840042.258,744189.3523,9839910.938,744303.5066,1,1,6,17,3
88,Hyena,1,85,525,1,GreenCruiserKBR,18,3,2013,West,6:38,7:22,9840211.247,744535.4313,9840257.004,745058.4336,1,1,6,17,10
89,Hyena,1,104,616,1,GreenCruiserKBR,18,3,2013,West,6:38,7:27,9840008.666,744631.7076,9839859.642,745229.4098,1,1,6,17,5
90,Hyena,1,194,555,1,GreenCruiserKBR,18,3,2013,West,6:38,7:44,9839148.064,745132.8181,9838609.55,744998.5514,1,1,6,17,7
91,Hyena,1,187,424,1,GreenCruiserKBR,18,3,2013,West,6:38,7:50,9838539.44,745660.0911,9838118.6,745608.4185,1,1,6,17,9
92,BandedMongoose,8,252,13,1,GreenCruiserKBR,18,3,2013,West,6:38,9:13,9834284.807,749566.6711,9834280.79,749554.3073,1,1,6,14,1
93,BlackBackedJackal,2,52,28,1,HiLux,24,5,2013,West,6:23,6:32,9836888.495,746718.1898,9836905.733,746740.2541,1,1,7,15,1
94,BlackBackedJackal,2,355,26.5,1,HiLux,24,5,2013,West,6:23,8:59,9836653.202,748097.8076,9836679.601,748095.498,1,1,7,14,1
95,Hyena,1,95,87,1,HiLux,24,5,2013,West,6:23,9:05,9836184.022,748738.5248,9836176.44,748825.1937,1,1,7,14,2
96,Hyena,1,321,180,1,HiLux,25,5,2013,West,6:29,7:47,9838006.424,748417.0876,9838146.31,748303.8099,1,1,7,17,4
97,BlackBackedJackal,2,45,186.5,1,HiLux,25,5,2013,West,6:29,8:08,9837787.262,750920.728,9837919.138,751052.6034,1,1,7,14,3
98,Hyena,1,198,131,1,HiLux,25,5,2013,West,6:29,8:16,9837212.587,749098.1707,9837087.999,749057.6895,1,1,7,14,1
99,Hyena,1,78,192.5,1,HiLux,25,5,2013,West,6:29,8:35,9836608.047,748552.0331,9836648.07,748740.3265,1,1,7,14,3
100,BlackBackedJackal,2,201,260,2,HiLux,5,7,2013,West,6:36,7:29,9836117.189,748759.7228,9835874.458,748666.5471,1,1,8,14,1
101,BlackBackedJackal,1,345,55,2,HiLux,5,7,2013,West,6:36,9:35,9839769.348,742379.5494,9839822.474,742365.3143,1,1,8,17,1
102,Hyena,1,68,131,2,HiLux,5,7,2013,West,6:36,10:03,9840034.976,744250.3507,9840084.05,744371.8118,1,1,8,17,1
103,Hyena,1,76,345,2,HiLux,5,7,2013,West,6:36,10:07,9840202.109,744531.9701,9840285.572,744866.7221,1,1,8,17,7
104,Hyena,1,142,147,2,HiLux,5,7,2013,West,6:36,10:20,9839528.513,744739.4895,9839412.675,744829.9917,1,1,8,17,1
105,BlackBackedJackal,1,307,112,2,HiLux,6,7,2013,West,6:37,8:12,9839346.253,743049.354,9839413.657,742959.9069,1,1,8,17,1
106,Hyena,2,66,351,2,HiLux,6,7,2013,West,6:37,8:57,9840089.588,744591.775,9840232.353,744912.4295,1,1,8,17,7
107,Hyena,2,158,600,2,HiLux,6,7,2013,West,6:37,8:57,9840007.401,744635.9052,9839451.09,744860.6692,1,1,8,17,1
108,BlackBackedJackal,1,187,459.5,2,HiLux,6,7,2013,West,6:37,9:17,9839121.794,745155.9237,9838665.719,745099.9248,1,1,8,17,5
109,Hyena,3,241,91.5,2,HiLux,7,7,2013,West,6:34,6:35,9838559.367,744351.3786,9838515.007,744271.3509,1,1,8,16,1
110,Hyena,1,332,86,2,HiLux,7,7,2013,West,6:34,6:35,9838559.367,744351.3786,9838635.3,744311.004,1,1,8,16,1
111,BlackBackedJackal,1,244,1,2,HiLux,7,7,2013,West,6:34,6:52,9839426.3,742830.8013,9839425.862,742829.9025,1,1,8,17,1
112,Hyena,1,85,209,2,HiLux,7,7,2013,West,6:34,7:25,9840052.65,744382.2508,9840070.865,744590.4555,1,1,8,17,1
113,Hyena,2,127,108.5,2,HiLux,7,7,2013,West,6:34,7:27,9840197.656,744544.0586,9840132.359,744630.7105,1,1,8,17,2
114,Hyena,2,139,484,2,HiLux,7,7,2013,West,6:34,7:31,9840197.415,744544.2823,9839832.136,744861.8149,1,1,8,17,4
115,BlackBackedJackal,1,325,42,2,HiLux,7,7,2013,West,6:34,10:17,9837250.902,746344.6416,9837285.306,746320.5513,1,1,8,15,1
116,Hyena,1,279,369,1,HiLux,2,8,2013,West,6:32,6:58,9836879.106,748818.212,9836936.83,748453.755,1,1,9,14,6
117,BlackBackedJackal,1,241,189,1,HiLux,3,8,2013,West,6:43,8:24,9840303.088,742138.3288,9840211.459,741973.0257,1,1,9,17,4
118,Hyena,1,74,658,1,HiLux,3,8,2013,West,6:43,8:39,9840291.474,743275.0734,9840472.844,743907.5836,1,1,9,17,8
119,BlackBackedJackal,1,355,155,1,HiLux,3,8,2013,West,6:43,9:45,9837787.464,750950.5321,9837941.874,750937.023,1,1,9,14,4
120,BlackBackedJackal,1,173,74.5,1,HiLux,4,8,2013,West,6:47,7:00,9839390.577,742937.0259,9839316.632,742946.1052,1,1,9,17,2
121,Hyena,2,93,176,1,HiLux,4,8,2013,West,6:47,7:16,9840354.444,743044.6339,9840345.233,743220.3927,1,1,9,17,1
122,BlackBackedJackal,2,122,200.5,1,HiLux,4,8,2013,West,6:47,7:30,9840051.022,744377.8917,9839944.774,744547.9253,1,1,9,17,2
123,BandedMongoose,5,183,185.5,2,GreenCruiserKBR,24,9,2013,West,6:33,7:20,9836528.211,748632.3861,9836342.965,748622.6778,1,1,10,14,2
124,BandedMongoose,8,27,129,2,GreenCruiserKBR,24,9,2013,West,6:33,9:35,9835524.779,744732.8976,9835639.718,744791.4624,1,1,10,16,2
125,BandedMongoose,5,106,67.5,2,GreenCruiserKBR,24,9,2013,West,6:33,10:23,9840286.875,742465.0779,9840268.269,742529.9631,1,1,10,17,1
126,BlackBackedJackal,1,245,118,2,GreenCruiserKBR,24,9,2013,West,6:33,10:48,9839869.595,744659.015,9839819.726,744552.0707,1,1,10,17,3
127,Hyena,7,5,294.5,1,GreenCruiserKAS,25,9,2013,West,6:33,6:39,9835919.391,747393.9361,9836212.771,747419.6035,1,1,10,15,4
128,Hyena,1,309,279,1,GreenCruiserKAS,25,9,2013,West,6:33,6:42,9835951.824,747365.2947,9836127.405,747148.471,1,1,10,15,3
129,Hyena,1,328,104,1,GreenCruiserKAS,25,9,2013,West,6:33,7:45,9838533.177,744225.6665,9838621.374,744170.5549,1,1,10,16,3
130,Hyena,1,101,101,1,GreenCruiserKAS,25,9,2013,West,6:33,8:01,9840345.598,742350.076,9840326.327,742449.2204,1,1,10,17,1
131,Hyena,5,157,207,1,GreenCruiserKAS,25,9,2013,West,6:33,8:18,9840198.977,744540.2901,9840008.432,744621.1715,1,1,10,17,1
132,Hyena,3,137,497,1,GreenCruiserKAS,25,9,2013,West,6:33,8:20,9840035.92,744625.9675,9839672.437,744964.9207,1,1,10,17,6
133,Serval,1,5,91.5,1,GreenCruiserKAS,25,9,2013,West,6:33,10:24,9834076.371,746882.8052,9834167.523,746890.78,1,1,10,15,1
134,Hyena,1,216,425,2,GreenCruiserKBR,26,9,2013,West,6:36,6:37,9838590.857,744336.8626,9838247.025,744087.0539,1,1,10,16,1
135,Hyena,1,18,412.5,2,GreenCruiserKBR,26,9,2013,West,6:36,6:37,9838590.857,744336.8626,9838983.168,744464.3321,1,1,10,16,7
136,Hyena,1,269,344,2,GreenCruiserKBR,26,9,2013,West,6:36,6:54,9839804.514,742437.7047,9839798.51,742093.7571,1,0,10,17,5
137,Hyena,2,32,270,2,GreenCruiserKBR,26,9,2013,West,6:36,6:55,9839805.265,742437.0055,9840034.238,742580.0837,1,1,10,17,5
138,Hyena,1,327,196,2,GreenCruiserKBR,26,9,2013,West,6:36,7:00,9840258.208,742164.7945,9840422.588,742058.0453,1,1,10,17,2
139,Hyena,2,120,463,2,GreenCruiserKBR,26,9,2013,West,6:36,7:13,9840190.955,743351.303,9839959.455,743752.2727,1,1,10,17,4
140,Hyena,1,67,398,2,GreenCruiserKBR,26,9,2013,West,6:36,7:15,9840116.374,743670.5333,9840271.885,744036.8942,1,1,10,17,5
141,BlackBackedJackal,1,127,50,2,GreenCruiserKBR,26,9,2013,West,6:36,7:23,9840099.996,743953.5977,9840069.906,743993.5295,1,1,10,17,1
142,Hyena,1,94,151,2,GreenCruiserKBR,26,9,2013,West,6:36,7:26,9840039.204,744240.464,9840028.671,744391.0961,1,1,10,17,1
143,Hyena,1,196,127,2,GreenCruiserKBR,26,9,2013,West,6:36,7:33,9840205.101,744534.7723,9840083.021,744499.7663,1,1,10,17,2
144,BandedMongoose,12,97,245,2,GreenCruiserKBR,26,9,2013,West,6:36,8:44,9837780.257,751082.1322,9837750.399,751325.306,0,1,10,14,1
145,Hyena,1,275,106,2,GreenCruiserKBR,26,9,2013,West,6:36,9:24,9835585.976,748586.5624,9835595.215,748480.9658,1,1,10,14,3
146,BandedMongoose,8,333,95,2,GreenCruiserKBR,26,9,2013,West,6:36,11:08,9835597.947,744725.6459,9835682.593,744682.5168,1,1,10,16,1
147,Hyena,4,200,188,1,GreenCruiserKAS,17,11,2013,West,6:10,7:52,9835795.31,747512.5567,9835618.648,747448.2569,1,1,11,15,4
148,Hyena,7,309,233.5,1,GreenCruiserKAS,17,11,2013,West,6:10,7:52,9835795.31,747512.5567,9835942.257,747331.0931,1,1,11,15,1
149,Hyena,3,339,15.5,1,GreenCruiserKAS,17,11,2013,West,6:10,8:32,9835134.511,744755.891,9835148.981,744750.3363,1,1,11,16,1
150,BandedMongoose,20,285,263,1,GreenCruiserKAS,17,11,2013,West,6:10,9:07,9839410.41,742887.2466,9839478.48,742633.2081,1,1,11,17,1
151,Hyena,1,153,271,1,GreenCruiserKAS,17,11,2013,West,6:10,9:22,9840063.37,744034.3399,9839821.908,744157.3714,1,1,11,17,5
152,Hyena,1,42,241.5,1,GreenCruiserKAS,17,11,2013,West,6:10,9:25,9840220.354,744523.3659,9840399.824,744684.961,1,1,11,17,5
153,Hyena,1,28,375,1,GreenCruiserKAS,17,11,2013,West,6:10,9:25,9840220.354,744523.3659,9840551.46,744699.4177,1,1,11,17,8
154,Hyena,1,331,429,2,GreenCruiserKAS,18,11,2013,West,6:14,6:17,9835828.144,747481.9936,9836203.356,747274.0103,1,1,11,15,1
155,Hyena,1,274,172,2,GreenCruiserKAS,18,11,2013,West,6:14,6:21,9836426.363,747097.7584,9836438.361,746926.1773,1,1,11,15,3
156,Hyena,1,281,15,2,GreenCruiserKAS,18,11,2013,West,6:14,6:24,9836548.71,746968.5167,9836551.572,746953.7923,1,1,11,15,1
157,Hyena,4,251,299,2,GreenCruiserKAS,18,11,2013,West,6:14,7:01,9834824.019,745264.069,9834726.674,744981.359,1,1,11,16,6
158,Hyena,1,236,476,2,GreenCruiserKAS,18,11,2013,West,6:14,7:23,9836578.74,743512.1182,9836312.565,743117.4963,1,1,11,16,8
159,BandedMongoose,12,349,222,2,GreenCruiserKAS,18,11,2013,West,6:14,8:00,9840306.337,742782.2605,9840524.258,742739.9009,1,1,11,17,5
160,Hyena,1,219,198,2,GreenCruiserKAS,18,11,2013,West,6:14,8:19,9839256.157,745040.9394,9839102.283,744916.3339,1,1,11,17,4
161,BlackBackedJackal,1,184,135,2,GreenCruiserKAS,18,11,2013,West,6:14,10:15,9834440.752,747488.178,9834306.081,747478.7609,1,1,11,15,3
162,BlackBackedJackal,1,249,74,2,GreenCruiserKAS,18,11,2013,West,6:14,10:19,9834908.345,747334.0762,9834881.826,747264.9912,1,1,11,15,1
163,BandedMongoose,5,96,207,2,GreenCruiserKAS,19,11,2013,West,6:20,8:01,9837981.382,748015.9393,9837959.745,748221.8053,1,1,11,17,1
164,Hyena,1,253,358,1,GreenCruiserKAS,3,1,2014,West,6:29,6:36,9837782.147,750697.0075,9837677.478,750354.6504,1,1,12,14,1
165,BlackBackedJackal,1,271,125.5,1,GreenCruiserKAS,3,1,2014,West,6:29,6:52,9837092.674,748998.2265,9837094.865,748872.7456,1,1,12,14,3
166,Hyena,1,224,203.5,1,GreenCruiserKAS,3,1,2014,West,6:29,6:55,9836752.566,748660.7541,9836606.181,748519.3911,1,1,12,14,1
167,Hyena,1,229,277,1,GreenCruiserKAS,3,1,2014,West,6:29,6:59,9836653.711,748384.8018,9836471.982,748175.7472,1,1,12,14,4
168,Hyena,1,313,399.5,1,GreenCruiserKAS,3,1,2014,West,6:29,7:01,9836654.401,748131.0272,9836926.86,747838.8514,1,1,12,14,6
169,Hyena,1,164,93.5,1,GreenCruiserKAS,3,1,2014,West,6:29,7:07,9836592.401,748584.0227,9836502.523,748609.7948,1,1,12,14,1
170,BlackBackedJackal,1,269,73,1,GreenCruiserKAS,3,1,2014,West,6:29,8:04,9835512.17,747745.6753,9835510.896,747672.6864,1,1,12,15,2
171,Hyena,1,282,161,2,GreenCruiserKAS,4,1,2014,West,6:34,6:37,9835658.81,747617.8773,9835692.283,747460.3956,1,1,12,15,3
172,Hyena,1,12,136,2,GreenCruiserKAS,4,1,2014,West,6:34,6:38,9835668.151,747613.1467,9835801.179,747641.4226,1,1,12,15,3
173,Hyena,4,269,59,2,GreenCruiserKAS,4,1,2014,West,6:34,6:40,9835816.072,747491.4523,9835815.043,747432.4613,1,1,12,15,1
174,Hyena,2,14,243,2,GreenCruiserKAS,4,1,2014,West,6:34,6:44,9835958.284,747358.4896,9836194.066,747417.2767,1,1,12,15,4
175,SideStripedJackal,1,295,154,2,GreenCruiserKAS,4,1,2014,West,6:34,6:59,9837002.999,746605.577,9837068.083,746466.0056,1,1,12,15,1
176,Hyena,2,182,437,2,GreenCruiserKAS,4,1,2014,West,6:34,7:16,9836838.802,745698.8987,9836402.068,745683.6476,1,1,12,16,4
177,Hyena,1,317,246,2,GreenCruiserKAS,4,1,2014,West,6:34,7:31,9834818.258,745812.7784,9834998.171,745645.0068,1,1,12,16,5
178,SideStripedJackal,1,357,165,2,GreenCruiserKAS,4,1,2014,West,6:34,7:32,9834786.405,745624.3205,9834951.179,745615.6851,1,1,12,16,4
179,Hyena,3,151,74,2,GreenCruiserKAS,4,1,2014,West,6:34,7:51,9836709.402,743710.0586,9836644.68,743745.9345,1,1,12,16,2
180,BandedMongoose,18,65,145,2,GreenCruiserKAS,4,1,2014,West,6:34,8:25,9840347.731,742330.6793,9840409.01,742462.0939,1,1,12,17,2
181,SlenderMongoose,1,132,34,2,GreenCruiserKAS,4,1,2014,West,6:34,9:13,9838045.221,747722.4858,9838022.471,747747.7528,1,1,12,17,1
182,Hyena,1,1,153,2,GreenCruiserKAS,4,1,2014,West,6:34,10:47,9835279.81,747014.551,9835432.787,747017.2213,1,1,12,15,2
183,BlackBackedJackal,4,353,153,1,GreenCruiserKAS,5,1,2014,West,6:44,6:58,9839849.828,742374.1682,9840001.688,742355.5222,1,1,12,17,2
184,BlackBackedJackal,1,209,23.5,1,GreenCruiserKAS,5,1,2014,West,6:44,7:43,9838109.16,747441.0698,9838088.606,747429.6767,1,1,12,17,1
185,BlackBackedJackal,1,331,183,1,GreenCruiserKAS,5,1,2014,West,6:44,8:06,9837700.158,751321.0144,9837860.213,751232.2942,1,1,12,14,3
186,Hyena,2,293,515.5,1,GreenCruiserKAS,5,1,2014,West,6:44,8:16,9836855.285,748783.2806,9837056.706,748308.7603,1,1,12,14,8
187,Hyena,2,1,485,1,GreenCruiserKAS,5,1,2014,West,6:44,8:59,9834184.057,746904.6925,9834668.983,746913.1569,1,1,12,15,4
188,Hyena,1,113,139.5,1,GreenCruiserKAS,5,1,2014,West,6:44,9:12,9835286.712,747672.7971,9835232.205,747801.2075,1,1,12,15,2
189,Hyena,2,233,224,1,GreenCruiserKAS,5,1,2014,West,6:44,9:32,9836007.785,745988.9514,9835872.978,745810.057,1,1,12,16,5
190,Hyena,1,273,519.5,1,GreenCruiserKAS,7,2,2014,West,7:00,7:15,9837214.848,749109.1837,9837242.036,748590.3957,1,1,13,14,9
191,Hyena,1,265,298.5,1,GreenCruiserKAS,7,2,2014,West,7:00,7:18,9836813.03,748749.9449,9836787.014,748452.5808,1,1,13,14,3
192,Hyena,1,225,72.5,1,GreenCruiserKAS,7,2,2014,West,7:00,7:28,9836471.946,748645.3369,9836420.681,748594.0716,1,1,13,14,2
193,Hyena,1,48,173,1,GreenCruiserKAS,7,2,2014,West,7:00,8:23,9835337.538,747287.3419,9835453.298,747415.9059,1,1,13,15,4
194,Hyena,1,153,388,1,GreenCruiserKAS,7,2,2014,West,7:00,8:49,9836542.774,745837.0185,9836197.063,746013.1668,1,1,13,16,2
195,BlackBackedJackal,2,205,26.5,1,GreenCruiserKAS,7,2,2014,West,7:00,9:56,9839966.07,744644.2071,9839942.053,744633.0077,1,1,13,17,1
196,Hyena,1,322,35,2,GreenCruiserKAS,8,2,2014,West,7:00,7:08,9835994.568,747336.4864,9836022.148,747314.9382,1,1,13,15,1
197,Hyena,1,263,377,2,GreenCruiserKAS,8,2,2014,West,7:00,7:23,9837601.534,745884.8444,9837555.589,745510.6545,1,1,13,15,3
198,Hyena,4,247,203.5,2,GreenCruiserKAS,8,2,2014,West,7:00,8:02,9836942.239,744467.126,9836862.726,744279.8032,1,1,13,16,2
199,Hyena,4,308,160,2,GreenCruiserKAS,8,2,2014,West,7:00,8:03,9836926.758,744343.0204,9837025.264,744216.9386,1,0,13,16,2
200,Hyena,1,192,140.5,2,GreenCruiserKAS,8,2,2014,West,7:00,8:13,9836820.225,743924.1687,9836682.795,743894.9571,1,1,13,16,3
201,BlackBackedJackal,2,322,93.5,2,GreenCruiserKAS,8,2,2014,West,7:00,8:25,9838041.336,743467.916,9838115.015,743410.3517,1,1,13,16,2
202,BlackBackedJackal,1,67,268,2,GreenCruiserKAS,8,2,2014,West,7:00,8:26,9838042.85,743475.1395,9838147.566,743721.8348,1,1,13,16,1
203,BlackBackedJackal,1,333,130.5,2,GreenCruiserKAS,8,2,2014,West,7:00,8:26,9838091.608,743607.6097,9838207.885,743548.364,1,1,13,16,3
204,Hyena,3,332,291.5,2,GreenCruiserKAS,8,2,2014,West,7:00,8:27,9838130.824,743762.362,9838388.203,743625.511,1,1,13,16,6
205,Hyena,4,339,284,2,GreenCruiserKAS,8,2,2014,West,7:00,8:32,9838332.566,744306.6022,9838597.703,744204.8257,1,1,13,16,2
206,Hyena,3,307,166.5,2,GreenCruiserKAS,8,2,2014,West,7:00,8:32,9838488.161,744286.1611,9838588.363,744153.1883,1,1,13,16,3
207,Hyena,7,288,210.5,2,GreenCruiserKAS,8,2,2014,West,7:00,8:38,9838915.808,744102.7231,9838980.856,743902.5257,1,1,13,16,2
208,Hyena,1,312,125.5,2,GreenCruiserKAS,8,2,2014,West,7:00,8:43,9839161.312,743771.9873,9839245.288,743678.7226,1,1,13,16,1
209,BandedMongoose,17,275,157,2,GreenCruiserKAS,8,2,2014,West,7:00,8:59,9839852.182,742375.0382,9839865.866,742218.6357,1,1,13,17,3
210,BandedMongoose,9,128,500,2,GreenCruiserKAS,8,2,2014,West,7:00,9:11,9840279.928,743230.4327,9839972.097,743624.4381,1,1,13,17,4
211,BlackBackedJackal,1,106,43,2,GreenCruiserKAS,8,2,2014,West,7:00,9:19,9840143.145,744462.4536,9840131.293,744503.7879,1,1,13,17,1
212,BandedMongoose,14,57,93,2,GreenCruiserKAS,8,2,2014,West,7:00,9:47,9838544.6,745654.4323,9838595.252,745732.4286,1,1,13,17,2
213,BandedMongoose,2,163,133,2,GreenCruiserKAS,8,2,2014,West,7:00,9:47,9838500.604,745732.6849,9838373.416,745771.5704,1,1,13,17,3
214,BlackBackedJackal,1,283,78,1,GreenCruiserKAS,9,2,2014,West,7:01,7:03,9838695.899,744283.5553,9838713.445,744207.5544,1,1,13,16,2
215,BlackBackedJackal,1,132,203,1,GreenCruiserKAS,9,2,2014,West,7:01,8:21,9837783.686,750716.2592,9837647.852,750867.1176,1,1,13,14,3
216,Hyena,1,153,120.5,1,GreenCruiserKAS,9,2,2014,West,7:01,8:44,9835907.323,748697.1331,9835799.957,748751.8389,1,1,13,14,2
217,BlackBackedJackal,1,152,272.5,1,GreenCruiserKAS,9,2,2014,West,7:01,8:46,9835413.279,748571.1594,9835172.676,748699.0904,1,1,13,14,3
218,Hyena,1,288,310,1,GreenCruiserKAS,9,2,2014,West,7:01,9:21,9834404.349,746941.6606,9834500.144,746646.8331,1,1,13,15,6
219,BandedMongoose,10,32,51.5,3,WhiteCruiser,14,7,2012,North,6:33,14:52,9847466.288,724439.9359,9847509.962,724467.2267,0,1,1,8,1
220,BlackBackedJackal,2,224,172,2,WhiteCruiser,15,7,2012,North,6:29,8:58,9849333.751,721143.9709,9849210.024,721024.4896,1,1,1,6,3
221,Hyena,2,219,833,2,WhiteCruiser,15,7,2012,North,6:29,8:58,9849333.751,721143.9709,9848686.388,720619.747,1,1,1,6,1
222,Hyena,1,37,84,2,WhiteCruiser,15,7,2012,North,6:29,10:42,9847158.344,724211.5167,9847225.43,724262.0692,1,1,1,8,1
223,Lion,9,173,92,2,WhiteCruiser,15,7,2012,North,6:29,11:20,9843796.08,722097.6027,9843704.766,722108.8147,1,1,1,8,1
224,BlackBackedJackal,1,325,117,2,WhiteCruiser,16,7,2012,North,6:30,7:04,9845147.829,723010.8795,9845243.67,722943.7711,1,1,1,7,2
225,BlackBackedJackal,3,212,47,2,WhiteCruiser,16,7,2012,North,6:30,7:32,9846930.064,722093.9236,9846890.206,722069.0174,1,1,1,7,1
226,Hyena,1,21,105,2,WhiteCruiser,16,7,2012,North,6:30,7:45,9847800.891,722216.0937,9847898.917,722253.7223,1,1,1,7,3
227,Hyena,1,102,64,2,WhiteCruiser,16,7,2012,North,6:30,7:59,9847190.279,723578.6487,9847176.973,723641.2501,1,1,1,8,1
228,BandedMongoose,16,357,74.5,2,WhiteCruiser,16,7,2012,North,6:30,8:14,9847461.639,724433.7087,9847536.037,724429.8096,0,1,1,8,2
229,Lion,1,220,286,2,WhiteCruiser,16,7,2012,North,6:30,8:25,9846689.788,724685.5992,9846470.699,724501.762,1,1,1,8,1
230,BlackBackedJackal,1,200,96,2,WhiteCruiser,16,7,2012,North,6:30,8:26,9846548.147,724531.5881,9846457.937,724498.7542,1,0,1,8,1
231,BandedMongoose,8,200,42,2,WhiteCruiser,16,7,2012,North,6:30,13:53,9850192.824,720979.5177,9850153.357,720965.1529,0,1,1,6,1
232,Hyena,1,71,100.5,2,Maruti,15,8,2012,North,6:25,6:54,9844599.948,719732.1016,9844632.668,719827.1262,1,1,2,2,1
233,Cheetah,1,64,142,2,Maruti,15,8,2012,North,6:25,7:01,9844904.89,720400.3901,9844967.138,720528.0188,1,1,2,2,1
234,Hyena,1,156,19,1,Maruti,16,8,2012,North,6:25,6:56,9853170.067,721481.2357,9853152.709,721488.9637,1,1,2,4,1
235,Hyena,8,241,109.5,1,Maruti,16,8,2012,North,6:25,7:54,9851174.834,719985.0867,9851121.747,719889.3158,1,1,2,5,1
236,BandedMongoose,10,23,22,1,Maruti,16,8,2012,North,6:25,9:55,9846322.407,722786.0667,9846342.658,722794.6628,0,1,2,7,1
237,BandedMongoose,3,73,47,1,Maruti,16,8,2012,North,6:25,10:13,9847651.909,721750.9908,9847665.651,721795.9372,1,0,2,7,1
238,Lion,4,303,21,1,Maruti,17,8,2012,North,6:28,10:56,9854313.24,719699.1456,9854324.677,719681.5335,1,1,2,4,1
239,Hyena,1,123,166,1,Maruti,17,8,2012,North,6:28,12:55,9848429.249,719675.7002,9848338.839,719814.9195,1,1,2,6,2
240,Hyena,1,0,0,1,Maruti,21,9,2012,North,6:16,10:45,9851020.212,719843.5093,9851020.212,719843.5093,1,1,3,5,1
241,Hyena,1,198,79,1,Maruti,22,9,2012,North,6:15,6:48,9853392.391,721611.6636,9853317.258,721587.2512,1,1,3,4,1
242,Lion,1,18,358.5,1,Maruti,22,9,2012,North,6:15,7:38,9851153.009,718336.3076,9851493.963,718447.0902,1,1,3,5,4
243,BandedMongoose,12,108,91,1,Maruti,22,9,2012,North,6:15,8:13,9849563.216,719347.0897,9849535.095,719433.6358,0,1,3,6,2
244,Lion,4,135,107,1,Maruti,23,9,2012,North,6:19,6:31,9846737.01,721036.9234,9846661.35,721112.5838,1,1,3,7,2
245,BlackBackedJackal,1,60,80.5,1,Maruti,23,9,2012,North,6:19,6:43,9844836.957,723056.3861,9844877.207,723126.1011,1,1,3,7,1
246,BlackBackedJackal,1,124,14.5,1,Maruti,23,9,2012,North,6:19,6:56,9846293.136,722758.7517,9846285.028,722770.7728,1,1,3,7,1
247,BandedMongoose,12,214,157,1,Maruti,23,9,2012,North,6:19,7:56,9846591.759,724582.0263,9846461.6,724494.2331,0,1,3,8,1
248,Hyena,1,347,123,1,Maruti,23,9,2012,North,6:19,8:56,9843006.335,718246.9492,9843126.182,718219.2802,1,1,3,1,2
249,Lion,1,19,392.5,1,Maruti,23,9,2012,North,6:19,10:00,9848510.174,717247.5489,9848881.29,717375.3344,1,1,3,3,8
250,Hyena,1,60,252.5,2,Maruti,27,10,2012,North,6:10,7:28,9851562.991,720170.5924,9851689.241,720389.2638,1,1,4,5,3
251,BandedMongoose,17,130,70,2,Maruti,27,10,2012,North,6:10,7:50,9848423.049,719392.7572,9848378.054,719446.3803,1,1,4,6,1
252,BandedMongoose,5,256,27,2,Maruti,27,10,2012,North,6:10,11:43,9848256.282,717538.5238,9848249.75,717512.3258,0,1,4,3,1
253,Hyena,1,245,452.5,1,Maruti,28,10,2012,North,6:09,6:10,9847778.142,721129.1525,9847586.907,720719.0482,1,1,4,6,7
254,BatEaredFox,2,297,77,1,Maruti,28,10,2012,North,6:09,6:51,9847357.296,721703.0215,9847392.253,721634.414,1,1,4,7,1
255,Hyena,1,297,133,1,Maruti,28,10,2012,North,6:09,8:22,9842775.044,718609.9735,9842835.425,718491.4697,1,1,4,1,2
256,Lion,4,15,230,1,Maruti,28,10,2012,North,6:09,10:04,9853598.763,717326.2657,9853820.926,717385.7941,1,1,4,3,5
257,Hyena,1,18,139,1,Maruti,28,10,2012,North,6:09,12:02,9850078.02,720914.496,9850210.217,720957.4494,1,1,4,6,1
258,Hyena,1,0,0,1,Maruti,24,11,2012,North,6:08,6:09,9842513.347,719503.9969,9842513.347,719503.9969,1,0,5,1,1
259,Hyena,1,235,186,1,Maruti,24,11,2012,North,6:08,6:41,9845606.196,719584.0462,9845499.511,719431.684,1,1,5,2,4
260,Lion,16,252,147,1,WhiteCruiser,25,11,2012,North,6:09,6:47,0,0,9851730,720184,1,1,5,4,4
261,Lion,6,146,105,1,WhiteCruiser,25,11,2012,North,6:09,10:09,9843956.351,722801.6695,9843869.302,722860.3848,1,1,5,8,2
262,Hyena,4,340,384.5,1,Maruti,26,11,2012,North,6:10,6:36,9845443.906,722441.7451,9845805.218,722310.2384,1,1,5,7,2
263,BlackBackedJackal,1,109,43,1,Maruti,26,11,2012,North,6:10,6:39,9845794.216,722184.7236,9845780.216,722225.3809,1,1,5,7,1
264,BandedMongoose,26,164,55.5,1,Maruti,26,11,2012,North,6:10,7:18,9846945.842,723783.8425,9846892.492,723799.1404,1,1,5,8,2
265,Hyena,1,303,200,1,Maruti,26,11,2012,North,6:10,8:21,9842058.807,720794.3221,9842167.735,720626.588,1,1,5,1,4
266,Hyena,2,215,29,1,Maruti,26,11,2012,North,6:10,8:41,9842770.411,718651.1226,9842746.656,718634.4889,1,1,5,1,1
267,Lion,1,319,235.5,1,Maruti,26,11,2012,North,6:10,10:45,9854117.274,722040.4824,9854295.008,721885.9805,1,1,5,4,5
268,BandedMongoose,16,42,41.5,1,Maruti,26,11,2012,North,6:10,11:21,9850807.659,718088.2647,9850838.499,718116.0336,0,1,5,5,1
269,Hyena,1,45,86,1,Maruti,11,1,2013,North,6:27,7:01,9845899.951,719490.3324,9845960.763,719551.1435,1,1,6,2,1
270,BlackBackedJackal,2,220,81.5,1,Maruti,14,1,2013,North,6:31,8:41,9848888.75,721237.5374,9848826.318,721185.1502,1,1,6,6,2
271,BandedMongoose,16,131,50,1,Maruti,14,1,2013,North,6:31,8:43,9848554.433,721267.1069,9848521.63,721304.8424,1,1,6,6,1
272,Lion,1,318,282.5,1,Maruti,14,1,2013,North,6:31,11:59,9846522.844,717428.2863,9846732.782,717239.2569,1,1,6,2,2
273,Lion,6,340,235,1,Maruti,9,2,2013,North,6:40,7:47,9848067.386,717698.1508,9848288.214,717617.7761,1,1,7,3,2
274,Lion,1,222,128,1,Maruti,9,2,2013,North,6:40,9:37,9852343.148,720860.2378,9852248.025,720774.5891,1,1,7,4,1
275,Lion,1,88,2,1,Maruti,10,2,2013,North,6:37,6:45,9855852.2,721780.7585,9855852.27,721782.7573,1,1,7,4,1
276,BlackBackedJackal,2,277,44.5,1,Maruti,10,2,2013,North,6:37,7:08,9851795.55,720446.9867,9851800.973,720402.8184,1,1,7,5,1
277,BlackBackedJackal,2,327,28.5,1,Maruti,10,2,2013,North,6:37,8:26,9849996.331,720926.4367,9850020.233,720910.9145,1,1,7,6,1
278,BandedMongoose,1,1,0,1,Maruti,10,2,2013,North,6:37,8:40,9849403.231,721120.7966,9849403.231,721120.7966,1,1,7,6,1
279,Hyena,1,231,682,1,Maruti,10,2,2013,North,6:37,8:48,9847587.444,721074.1707,9847158.248,720544.1572,1,0,7,6,10
280,Lion,1,0,123,1,Maruti,10,2,2013,North,6:37,11:48,9846851.997,719371.8642,9846974.997,719371.8642,1,1,7,2,3
281,BatEaredFox,3,252,16,1,Maruti,11,2,2013,North,6:40,7:27,9847157.537,721939.5921,9847152.593,721924.3752,1,1,7,7,1
282,Hyena,1,82,54.5,1,Maruti,11,2,2013,North,6:40,7:38,9847236.805,722349.8602,9847244.39,722403.8298,1,1,7,8,1
283,Hyena,1,216,55,1,Maruti,11,2,2013,North,6:40,8:03,9846562.719,724543.6084,9846518.224,724511.2802,1,1,7,8,1
284,BlackBackedJackal,1,158,35.5,1,Maruti,11,2,2013,North,6:40,8:04,9846532.05,724504.032,9846499.135,724517.3306,1,1,7,8,1
285,Serval,1,34,149,1,Maruti,11,2,2013,North,6:40,10:54,9855837.155,720452.5444,9855960.682,720535.8641,1,1,7,4,1
286,Hyena,1,337,80,1,Maruti,25,3,2013,North,6:32,7:26,9846414.691,717662.9417,9846488.332,717631.6832,1,1,8,2,2
287,BandedMongoose,3,112,80,1,Maruti,25,3,2013,North,6:32,9:36,9850598.604,719595.8856,9850568.636,719670.0603,1,1,8,5,2
288,Hyena,2,93,46,1,Maruti,25,3,2013,North,6:32,11:04,9847222.808,722393.1208,9847220.4,722439.0577,1,1,8,8,1
289,Hyena,1,0,17,1,Maruti,25,3,2013,North,6:32,11:05,9847219.842,722403.5679,9847236.842,722403.5679,1,1,8,8,1
290,BandedMongoose,5,181,26.5,1,Maruti,26,3,2013,North,6:34,8:04,9848584.693,719221.5845,9848558.197,719221.122,1,1,8,6,1
291,Hyena,2,83,10,1,Maruti,26,3,2013,North,6:34,9:43,9847221.708,722399.7721,9847222.927,722409.6976,1,1,8,8,1
292,Hyena,1,0,0,1,Maruti,27,3,2013,North,6:40,7:08,9844627.39,721563.8818,9844627.39,721563.8818,1,0,8,7,1
293,Hyena,3,56,198,1,Maruti,27,3,2013,North,6:40,7:15,9844868.572,723268.4267,9844979.293,723432.5761,1,1,8,7,4
294,BlackBackedJackal,2,23,63.5,1,Maruti,27,3,2013,North,6:40,7:38,9846881.47,722169.7819,9846939.922,722194.5933,1,1,8,7,2
295,Hyena,2,81,117.5,1,Maruti,27,3,2013,North,6:40,7:48,9847249.331,722291.8848,9847267.712,722407.9382,1,1,8,8,1
296,Lion,4,41,86,1,Maruti,27,3,2013,North,6:40,7:52,9847127.694,723097.5302,9847192.599,723153.9513,1,1,8,8,1
297,BlackBackedJackal,2,162,194,1,Maruti,27,3,2013,North,6:40,8:08,9846946.935,724144.8605,9846762.43,724204.8098,1,1,8,8,4
298,Hyena,1,52,81,1,Maruti,27,3,2013,North,6:40,8:21,9846309.46,724545.9299,9846359.329,724609.7588,1,1,8,8,2
299,Leopard,1,331,56.5,1,Maruti,27,3,2013,North,6:40,9:42,9846728.839,718362.5682,9846778.255,718335.1765,1,1,8,2,1
300,BandedMongoose,4,55,18,1,Maruti,27,3,2013,North,6:40,11:06,9850667.034,717890.7871,9850677.359,717905.5318,1,1,8,5,1
301,Lion,3,278,40,1,Maruti,26,5,2013,North,6:25,6:27,9842755.357,718727.1929,9842760.924,718687.5822,1,1,8,1,1
302,Caracal,1,156,13.5,1,Maruti,26,5,2013,North,6:25,8:42,9855827.392,722120.2855,9855815.06,722125.7765,1,1,8,4,1
303,BandedMongoose,13,74,69,1,Maruti,26,5,2013,North,6:25,10:00,9851388.652,718753.1345,9851407.671,718819.4615,1,1,8,5,1
304,Cheetah,1,92,14.5,1,Maruti,27,5,2013,North,6:24,8:56,9846903.396,721031.0077,9846902.89,721045.4989,1,1,8,7,1
305,SlenderMongoose,1,44,23.5,1,Maruti,27,5,2013,North,6:24,9:27,9846285.772,722741.3451,9846302.676,722757.6696,1,1,8,7,1
306,Hyena,1,259,96,1,Maruti,28,5,2013,North,6:23,7:00,9846862.547,722195.1714,9846844.229,722100.9352,1,1,8,7,2
307,Lion,1,308,547.5,1,Maruti,28,5,2013,North,6:23,9:17,9847415.047,716736.01,9847752.122,716304.5741,1,1,8,2,8
308,Cheetah,1,121,340,2,Maruti,27,6,2013,North,6:34,6:49,9844361.261,719195.6454,9844186.148,719487.0823,1,1,10,2,6
309,Hyena,2,219,46.5,2,Maruti,27,6,2013,North,6:34,9:35,9853054.06,721388.3075,9853017.923,721359.0441,1,1,10,4,1
310,BandedMongoose,11,289,34,2,Maruti,27,6,2013,North,6:34,10:54,9849193.982,720730.3323,9849205.052,720698.1847,1,1,10,6,1
311,Lion,3,295,39,2,Maruti,27,6,2013,North,6:34,11:01,9849895.853,720912.8444,9849912.335,720877.4984,1,1,10,6,1
312,Lion,1,131,108,2,Maruti,27,6,2013,North,6:34,11:40,9846507.8,721020.7582,9846436.945,721102.2668,1,1,10,7,2
313,Hyena,2,218,138,2,Maruti,30,6,2013,North,6:37,7:18,9846815.664,722287.06,9846706.919,722202.0987,1,1,10,7,3
314,Hyena,3,226,150,2,Maruti,30,6,2013,North,6:37,8:02,9846636.797,724621.615,9846532.599,724513.714,1,1,10,8,1
315,Lion,2,68,72,1,Maruti,6,8,2013,North,6:51,7:17,9844711.837,720019.2264,9844738.809,720085.9836,1,1,11,2,1
316,Lion,3,332,52.5,1,Maruti,6,8,2013,North,6:51,9:02,9855143.553,720264.9091,9855189.908,720240.2618,1,1,11,4,1
317,Hyena,1,182,11.5,1,Maruti,6,8,2013,North,6:51,12:14,9846721.182,722780.7224,9846709.689,722780.321,1,1,11,7,1
318,Hyena,10,159,201,1,Maruti,7,8,2013,North,6:41,6:51,9855816.761,722164.6611,9855629.112,722236.6931,1,1,11,4,3
319,Hyena,2,131,149,1,Maruti,7,8,2013,North,6:41,7:00,9855071.748,722480.2242,9854973.995,722592.6759,1,1,11,4,2
320,BatEaredFox,1,308,159,1,Maruti,8,8,2013,North,6:55,7:35,9846807.911,722302.1493,9846905.801,722176.8556,1,1,11,7,1
321,Hyena,2,312,285,1,Maruti,8,8,2013,North,6:55,7:38,9847007.573,721993.8597,9847198.275,721782.0634,1,1,11,7,3
322,Hyena,1,103,111,1,Maruti,8,8,2013,North,6:55,7:43,9847706.576,721960.8397,9847681.607,722068.9948,1,1,11,7,2
323,Lion,1,206,45,3,Maruti,28,9,2013,North,6:27,7:29,9846473.629,717754.2538,9846433.183,717734.5271,1,1,12,2,1
324,BandedMongoose,19,76,80,3,Maruti,28,9,2013,North,6:27,10:25,9851396.164,719232.8773,9851415.518,719310.5009,0,1,12,5,1
325,BandedMongoose,1,91,134,3,Maruti,28,9,2013,North,6:27,13:09,9847782.119,722226.9941,9847779.78,722360.9737,1,1,12,7,3
326,Serval,1,66,23,3,Maruti,28,9,2013,North,6:27,14:22,9844019.303,721181.8476,9844028.658,721202.8592,1,1,12,1,1
327,Hyena,2,101,32,1,Maruti,29,9,2013,North,6:40,9:30,9844808.048,722748.0913,9844801.942,722779.5034,1,1,12,7,1
328,Hyena,1,348,35,1,Maruti,29,9,2013,North,6:40,10:18,9847074.128,724183.4736,9847108.364,724176.1967,1,1,12,8,1
329,BandedMongoose,10,43,21.5,1,Maruti,29,9,2013,North,6:40,12:28,9854033.102,719530.0676,9854048.826,719544.7306,1,1,12,4,1
330,BlackBackedJackal,1,233,158,1,Maruti,30,9,2013,North,7:27,7:39,9846344.135,720975.7345,9846249.049,720849.5501,1,1,12,7,3
331,Hyena,7,151,153,1,Maruti,30,9,2013,North,7:27,7:57,9846269.533,722694.8401,9846135.716,722769.016,1,1,12,7,3
332,Hyena,1,33,179,1,Maruti,30,9,2013,North,7:27,8:04,9846705.078,722803.9497,9846855.2,722901.4401,1,1,12,7,4
333,Hyena,1,240,317.5,1,Maruti,30,9,2013,North,7:27,8:06,9846796.381,722607.0897,9846637.631,722332.1266,1,1,12,7,4
334,Hyena,1,221,345,1,Maruti,30,9,2013,North,7:27,8:06,9846796.381,722607.0897,9846536.006,722380.7493,1,1,12,7,5
335,BandedMongoose,3,11,72,1,Maruti,30,9,2013,North,7:27,8:25,9847137.371,722999.7598,9847208.049,723013.498,1,1,12,8,2
336,BandedMongoose,10,62,157,1,Maruti,30,9,2013,North,7:27,8:30,9846969.215,723770.0725,9847042.922,723908.6953,1,1,12,8,2
337,BandedMongoose,19,77,65,1,Maruti,30,9,2013,North,7:27,11:59,9851391.629,719142.8115,9851406.251,719206.1456,1,1,12,5,1
338,Lion,4,222,104.5,1,Maruti,30,9,2013,North,7:27,12:40,9850211.177,721027.3398,9850133.518,720957.4157,1,1,12,6,1
339,BandedMongoose,20,101,40.5,1,Maruti,22,11,2013,North,6:21,9:16,9851219.986,718404.8804,9851212.258,718444.6363,1,1,13,5,1
340,BandedMongoose,10,253,65,1,Maruti,22,11,2013,North,6:21,10:51,9847319.201,721783.7216,9847300.197,721721.5618,1,1,13,7,1
341,Hyena,1,319,179.5,1,Maruti,23,11,2013,North,6:24,8:13,9849626.882,720852.277,9849762.353,720734.5144,1,1,13,6,3
342,BatEaredFox,2,341,13,1,Maruti,23,11,2013,North,6:24,9:08,9846869.1,722185.4178,9846881.392,722181.1854,1,1,13,7,1
343,Hyena,3,289,317.5,1,Maruti,24,11,2013,North,6:28,7:02,9846781.652,722538.9497,9846885.02,722238.7476,1,1,13,7,1
344,BatEaredFox,2,332,43.5,1,Maruti,24,11,2013,North,6:28,7:04,9846850.545,722214.0358,9846888.953,722193.6138,1,1,13,7,1
345,Hyena,1,291,241,1,Maruti,24,11,2013,North,6:28,7:07,9847078.662,721954.8829,9847165.029,721729.8901,1,1,13,7,4
346,Hyena,1,269,222.5,1,Maruti,24,11,2013,North,6:28,7:10,9847322.446,721850.0509,9847318.563,721627.5848,1,1,13,7,2
347,Hyena,1,293,106,1,Maruti,24,11,2013,North,6:28,7:13,9847444.981,721593.6172,9847486.399,721496.0437,1,1,13,7,2
348,Lion,9,205,470,1,Maruti,24,11,2013,North,6:28,7:42,9846699.385,724694.2004,9846273.42,724495.5698,1,1,13,8,2
349,BandedMongoose,10,124,21,1,Maruti,24,11,2013,North,6:28,10:02,9855009.793,720149.3056,9854998.05,720166.7154,1,1,13,4,1
350,BandedMongoose,18,23,21.5,1,Maruti,24,11,2013,North,6:28,11:00,9850808.164,717194.5013,9850827.955,717202.9021,1,1,13,5,1
351,Hyena,3,0,0,1,Maruti,24,12,2013,North,6:30,6:30,9842513.929,719505.4435,9842513.929,719505.4435,1,0,14,1,1
352,Hyena,2,337,171.5,1,Maruti,24,12,2013,North,6:30,6:31,9842515.154,719471.2513,9842673.021,719404.2409,1,1,14,1,4
353,Hyena,1,347,242.5,1,Maruti,24,12,2013,North,6:30,6:32,9842590.845,719123.8983,9842827.13,719069.3476,1,1,14,1,4
354,Lion,1,271,618.5,1,Maruti,24,12,2013,North,6:30,6:59,9845681.282,719408.7655,9845692.077,718790.3597,1,1,14,2,10
355,Hyena,1,347,176,1,Maruti,24,12,2013,North,6:30,9:56,9849266.822,720748.2872,9849438.311,720708.6959,1,1,14,6,2
356,Hyena,1,45,58,1,Maruti,24,12,2013,North,6:30,10:55,9847202.043,722491.656,9847243.055,722532.6682,1,1,14,8,1
357,SlenderMongoose,2,63,25,2,Maruti,25,12,2013,North,6:30,8:04,9848424.552,719695.4011,9848435.901,719717.6762,1,1,14,6,1
358,Hyena,2,28,62,2,Maruti,25,12,2013,North,6:30,8:53,9844891.739,723311.3363,9844946.482,723340.4436,1,1,14,7,2
359,Hyena,1,105,95,2,Maruti,25,12,2013,North,6:30,11:39,9852340.51,718384.8608,9852315.922,718476.6238,1,1,14,3,1
360,Hyena,1,218,356,1,Maruti,26,12,2013,North,6:30,6:32,9847695.059,721100.0204,9847414.527,720880.8449,1,1,14,6,3
361,Hyena,2,33,343,1,Maruti,26,12,2013,North,6:30,7:01,9846513.116,722806.577,9846800.78,722993.3882,1,1,14,7,5
362,Hyena,1,247,500,1,Maruti,26,12,2013,North,6:30,7:39,9846681.637,724666.6895,9846486.271,724206.437,1,1,14,8,6
363,SideStripedJackal,1,52,142,1,Maruti,26,12,2013,North,6:30,8:14,9842845.781,720943.6322,9842933.205,721055.5297,1,1,14,1,2
364,BandedMongoose,5,109,37,1,Maruti,26,12,2013,North,6:30,11:41,9848425.252,721279.3153,9848413.206,721314.2995,1,1,14,6,1
365,Hyena,1,163,247,1,Maruti,19,2,2014,North,6:58,9:09,9852578.88,720996.2929,9852342.673,721068.5087,1,1,15,4,4
366,Hyena,1,96,28.5,1,Maruti,19,2,2014,North,6:58,11:19,9847303.558,723386.3404,9847300.579,723414.6843,1,1,15,8,1
367,Lion,4,141,300,2,Maruti,20,2,2014,North,7:07,8:10,9851369.306,720084.3289,9851136.162,720273.125,1,1,15,5,6
368,BlackBackedJackal,1,265,178,2,Maruti,20,2,2014,North,7:07,9:01,9847664.593,721093.7907,9847649.079,720916.468,1,1,15,6,4
369,BandedMongoose,19,85,53,1,Maruti,21,2,2014,North,7:11,7:59,9847201.181,723568.1336,9847205.8,723620.9319,1,1,15,8,1
370,SlenderMongoose,1,185,55,1,Maruti,21,2,2014,North,7:11,8:26,9844018.313,722866.0524,9843963.523,722861.2589,1,1,15,8,1
371,Lion,11,141,56,1,Maruti,18,3,2014,North,6:40,8:15,9855851.22,721682.9581,9855807.7,721718.2001,1,1,16,4,1
372,BandedMongoose,23,218,202,1,Maruti,19,3,2014,North,6:48,8:28,9847492.706,721036.7907,9847333.528,720912.4271,1,1,16,6,2
373,Hyena,1,47,101,1,Maruti,19,3,2014,North,6:48,11:20,9856116.543,720777.884,9856185.424,720851.7507,1,1,16,4,1
374,BandedMongoose,20,58,23.5,1,Maruti,20,3,2014,North,6:40,10:16,9851380.232,718653.1574,9851392.685,718673.0865,1,1,16,5,1
375,BlackBackedJackal,6,171,142,1,Maruti,20,3,2014,North,6:40,10:59,9848551.41,721268.6625,9848411.158,721290.8762,1,1,16,6,1
376,Hyena,1,147,35,2,Maruti,18,7,2012,South,6:35,8:18,9845681.2,725804.4384,9845651.847,725823.5008,1,1,1,11,1
377,Hyena,1,116,10.5,2,Maruti,18,7,2012,South,6:35,8:21,9845711.803,726114.8777,9845707.2,726124.315,1,1,1,11,1
378,Hyena,2,283,144,2,Maruti,18,7,2012,South,6:35,10:30,9842057.234,727035.8584,9842089.627,726895.5491,1,1,1,12,1
379,BlackBackedJackal,2,5,14,1,Maruti,19,8,2012,South,6:31,6:33,9840215.924,724967.3109,9840229.87,724968.5311,1,1,2,9,1
380,Lion,1,29,150,1,Maruti,19,8,2012,South,6:31,8:23,9845281.652,726031.5795,9845412.845,726104.301,1,1,2,11,1
381,Lion,1,349,146,1,Maruti,19,8,2012,South,6:31,8:25,9845388.461,726059.0933,9845531.778,726031.2352,1,1,2,11,2
382,BlackBackedJackal,2,274,220,1,Maruti,19,8,2012,South,6:31,8:27,9845471.903,726081.4457,9845487.25,725861.9816,1,1,2,11,5
383,Hyena,1,275,354.5,1,Maruti,19,8,2012,South,6:31,8:27,9845471.903,726081.4457,9845502.8,725728.2947,1,1,2,11,4
384,BlackBackedJackal,1,187,112,1,Maruti,20,8,2012,South,6:27,7:58,9844037.607,727353.1504,9843926.442,727339.5011,1,1,2,11,2
385,Cheetah,1,96,177,1,Maruti,20,8,2012,South,6:27,8:31,9842633.977,727080.5942,9842615.476,727256.6245,1,1,2,11,2
386,BandedMongoose,16,219,22.5,1,Maruti,20,8,2012,South,6:27,9:31,9842006.813,727180.8585,9841989.327,727166.6988,0,1,2,12,1
387,BlackBackedJackal,2,131,259,1,HiLux,24,9,2012,South,6:13,9:10,9842690.597,727358.2884,9842520.677,727553.7582,1,1,3,12,2
388,Hyena,1,261,127,1,HiLux,25,9,2012,South,6:16,7:00,9845712.48,726006.9381,9845692.613,725881.5017,1,1,3,11,1
389,Hyena,2,261,124,1,HiLux,25,9,2012,South,6:16,7:00,9845712.48,726006.9381,9845693.082,725884.4648,1,1,3,11,1
390,Lion,1,203,478,1,HiLux,25,9,2012,South,6:16,7:31,9843989.749,727113.8655,9843549.748,726927.096,1,1,3,11,9
391,Hyena,3,52,63,1,HiLux,25,9,2012,South,6:16,8:58,9841219.565,728357.2823,9841258.352,728406.927,1,1,3,12,2
392,Hyena,1,182,166,1,HiLux,26,9,2012,South,6:17,6:32,9842682.712,727405.9582,9842516.813,727400.1649,1,1,3,12,4
393,Hyena,3,205,136,1,HiLux,26,9,2012,South,6:17,7:04,9840892.764,728608.9659,9840769.506,728551.4898,1,1,3,12,2
394,BatEaredFox,2,213,15.5,1,HiLux,26,9,2012,South,6:17,7:14,9841371.256,728216.2077,9841358.257,728207.7658,1,1,3,12,1
395,Lion,3,16,121.5,1,HiLux,26,9,2012,South,6:17,7:35,9842536.077,726172.3779,9842652.87,726205.8679,1,1,3,12,2
396,Hyena,1,122,188.5,1,HiLux,26,9,2012,South,6:17,7:47,9841841.964,725749.3498,9841742.075,725909.2069,1,1,3,12,3
397,Hyena,2,59,136,1,Maruti,30,10,2012,South,6:10,6:23,9840767.65,723406.0602,9840837.695,723522.6349,1,1,4,9,3
398,Lion,1,299,176.5,1,Maruti,30,10,2012,South,6:10,7:43,9844729.551,725945.8611,9844815.12,725791.4907,1,1,4,11,4
399,BatEaredFox,6,356,62,1,Maruti,30,10,2012,South,6:10,9:28,9841033.755,728388.7257,9841095.604,728384.4008,1,1,4,12,1
400,BandedMongoose,12,348,125.5,1,Maruti,30,10,2012,South,6:10,9:47,9842159.577,726872.3191,9842282.335,726846.2262,1,1,4,12,2
401,BatEaredFox,1,112,157,1,Maruti,30,10,2012,South,6:10,10:12,9841445.723,727058.4902,9841386.91,727204.0581,1,1,4,12,1
402,BandedMongoose,15,108,87,1,Maruti,30,10,2012,South,6:10,10:20,9840798.28,727907.1765,9840771.395,727989.9184,0,1,4,13,1
403,BandedMongoose,18,134,102.5,1,Maruti,31,10,2012,South,6:11,8:13,9841504.146,728840.0158,9841432.944,728913.7481,1,1,4,12,1
404,BatEaredFox,2,250,17,1,Maruti,31,10,2012,South,6:11,8:38,9842183.775,726817.5732,9842177.961,726801.5984,1,1,4,12,1
405,BatEaredFox,2,196,22,1,Maruti,31,10,2012,South,6:11,9:01,9841357.021,727195.4317,9841335.873,727189.3677,1,1,4,12,1
406,BatEaredFox,1,145,16.5,1,Maruti,1,11,2012,South,6:12,6:18,9842608.712,726696.4909,9842595.196,726705.9549,1,1,4,11,1
407,BatEaredFox,3,287,71,1,Maruti,1,11,2012,South,6:12,7:12,9842175.395,726838.0266,9842196.154,726770.129,1,1,4,12,1
408,BandedMongoose,19,14,109.5,1,Maruti,1,11,2012,South,6:12,7:14,9842377.858,726634.2887,9842484.105,726660.7792,1,1,4,12,2
409,BlackBackedJackal,2,284,56,1,Maruti,1,11,2012,South,6:12,8:26,9837680.818,725537.1108,9837694.365,725482.7743,1,1,4,13,1
410,BandedMongoose,16,195,110.5,1,Maruti,1,11,2012,South,6:12,10:29,9845152.649,726026.5042,9845045.914,725997.9047,0,1,4,11,1
411,BlackBackedJackal,1,222,31,2,Maruti,28,11,2012,South,6:10,6:23,9840358.796,723695.5017,9840335.758,723674.7586,1,1,5,9,1
412,Lion,7,133,196,2,Maruti,28,11,2012,South,6:10,6:33,9842317.96,723757.5037,9842184.288,723900.8491,1,1,5,9,3
413,BlackBackedJackal,1,155,49,2,Maruti,28,11,2012,South,6:10,6:53,9841560.51,724431.0259,9841516.101,724451.7342,1,1,5,9,1
414,BatEaredFox,6,311,25.5,2,Maruti,28,11,2012,South,6:10,8:52,9844056.771,725952.9913,9844073.5,725933.7462,1,1,5,11,1
415,Hyena,1,329,99,2,Maruti,28,11,2012,South,6:10,9:41,9841138.387,728384.052,9841223.246,728333.0632,1,1,5,12,1
416,BandedMongoose,11,147,104,2,Maruti,28,11,2012,South,6:10,10:25,9840945.61,727748.4369,9840858.389,727805.0794,0,1,5,13,1
417,Lion,9,16,249,1,Maruti,29,11,2012,South,6:09,6:51,9844374.073,725619.3638,9844613.427,725687.9975,1,1,5,10,3
418,Lion,1,304,889,1,Maruti,29,11,2012,South,6:09,7:35,9843966.81,726239.8401,9844463.933,725502.8257,1,1,5,11,3
419,BatEaredFox,7,316,36,1,Maruti,29,11,2012,South,6:09,7:37,9844056.455,725964.439,9844082.351,725939.4313,1,1,5,11,1
420,Lion,1,77,50.5,1,Maruti,29,11,2012,South,6:09,7:54,9843804.695,725266.2118,9843816.055,725315.4175,1,1,5,11,1
421,BatEaredFox,8,11,40,1,Maruti,29,11,2012,South,6:09,8:43,9841045.824,728389.6415,9841085.089,728397.2738,1,1,5,12,1
422,BatEaredFox,1,354,20,1,WhiteCruiser,30,11,2012,South,6:11,6:21,9842622.212,726966.6264,9842642.102,726964.5358,1,1,5,11,1
423,BatEaredFox,9,270,10,1,WhiteCruiser,30,11,2012,South,6:11,6:54,9841095.269,728394.3044,9841095.269,728384.3044,1,1,5,12,1
424,Hyena,1,339,164.5,1,WhiteCruiser,30,11,2012,South,6:11,7:00,9841438.59,728152.3384,9841592.164,728093.3868,1,1,5,12,2
425,Hyena,1,257,286,1,WhiteCruiser,30,11,2012,South,6:11,7:04,9841671.746,727839.1592,9841607.41,727560.4894,1,1,5,12,5
426,BlackBackedJackal,2,263,99,1,WhiteCruiser,30,11,2012,South,6:11,7:16,9842469.295,726400.6805,9842457.23,726302.4184,1,1,5,12,1
427,SlenderMongoose,3,307,31.5,1,WhiteCruiser,30,11,2012,South,6:11,9:07,9840674.542,724410.3804,9840693.499,724385.2234,1,1,5,9,1
428,Lion,3,290,341,1,WhiteCruiser,30,11,2012,South,6:11,10:38,9843994.826,727022.4069,9844111.455,726701.9717,1,1,5,11,3
429,Serval,1,124,116,1,Maruti,12,1,2013,South,7:10,8:22,9844863.743,724625.3186,9844798.877,724721.487,1,1,6,10,1
430,BlackBackedJackal,2,281,110,1,Maruti,12,1,2013,South,7:10,8:37,9845712.395,725977.0163,9845733.384,725869.0374,1,1,6,11,1
431,Hyena,1,90,480,1,Maruti,12,1,2013,South,7:10,10:04,9841599.847,728653.4621,9841599.847,729133.4621,1,1,6,12,7
432,Hyena,1,34,18,1,Maruti,12,1,2013,South,7:10,11:23,9838680.87,726496.4712,9838695.792,726506.5367,1,1,6,13,1
433,BatEaredFox,5,313,16,1,Maruti,15,1,2013,South,6:34,8:56,9840941.695,728401.8636,9840952.607,728390.162,1,1,6,12,1
434,Hyena,1,119,104,1,Maruti,15,1,2013,South,6:34,9:30,9840469.573,727959.8941,9840419.153,728050.8546,1,1,6,13,3
435,Hyena,1,241,64,1,Maruti,15,1,2013,South,6:34,9:32,9840350.124,727812.8853,9840319.097,727756.9096,1,1,6,13,1
436,BlackBackedJackal,2,334,29.5,1,Maruti,13,2,2013,South,6:40,8:19,9844961.941,725990.3713,9844988.455,725977.4394,1,1,7,11,1
437,Hyena,1,183,82,1,Maruti,13,2,2013,South,6:40,8:31,9845023.184,726009.3552,9844941.296,726005.0637,1,1,7,11,1
438,BatEaredFox,2,260,40.5,1,Maruti,13,2,2013,South,6:40,8:51,9843990.939,727120.8268,9843983.906,727080.9421,1,1,7,11,1
439,BandedMongoose,7,108,31,1,Maruti,13,2,2013,South,6:40,9:16,9842661.075,727175.029,9842651.495,727204.5117,1,1,7,11,1
440,Hyena,1,258,34,1,Maruti,13,2,2013,South,6:40,9:42,9840838.678,728507.7698,9840831.609,728474.5128,1,1,7,12,1
441,Hyena,1,247,118,1,Maruti,13,2,2013,South,6:40,10:59,9837101.252,725534.1681,9837055.146,725425.5486,1,1,7,13,2
442,BandedMongoose,3,353,18,1,Maruti,14,2,2013,South,6:39,7:37,9844379.441,725565.0022,9844397.307,725562.8086,1,1,7,10,1
443,Hyena,1,37,91,1,Maruti,14,2,2013,South,6:39,8:00,9845005.865,726213.8186,9845078.541,726268.5837,1,1,7,11,1
444,BlackBackedJackal,2,7,78,1,Maruti,14,2,2013,South,6:39,8:02,9845138.393,726452.0567,9845215.811,726461.5625,1,1,7,11,2
445,BatEaredFox,2,283,80,1,Maruti,14,2,2013,South,6:39,8:16,9843996.877,727104.1777,9844014.874,727026.2281,1,1,7,11,1
446,BatEaredFox,1,269,117,1,Maruti,14,2,2013,South,6:39,8:18,9843984.102,726988.408,9843982.06,726871.4258,1,1,7,11,1
447,BandedMongoose,7,85,52,1,Maruti,14,2,2013,South,6:39,8:48,9842661.156,727177.6695,9842665.688,727229.4716,1,1,7,11,1
448,BatEaredFox,2,128,33,1,Maruti,14,2,2013,South,6:39,8:54,9842566.349,728000.2285,9842546.032,728026.2329,1,1,7,12,1
449,BlackBackedJackal,1,186,147,1,Maruti,14,2,2013,South,6:39,10:02,9840681.873,727944.1774,9840535.678,727928.8117,1,1,7,13,1
450,Hyena,1,214,50.5,1,Maruti,15,2,2013,South,6:41,7:26,9840897.909,728608.8958,9840856.043,728580.6566,1,1,7,12,1
451,Hyena,1,45,12,1,Maruti,15,2,2013,South,6:41,7:35,9841318.078,728280.8547,9841326.563,728289.34,1,1,7,12,1
452,Leopard,1,292,10.5,1,Maruti,15,2,2013,South,6:41,8:37,9838726.097,726438.5642,9838730.03,726428.8288,1,1,7,13,1
453,BandedMongoose,12,55,34.5,1,Maruti,15,2,2013,South,6:41,10:54,9845143.198,726470.18,9845162.986,726498.4407,1,1,7,11,1
454,BandedMongoose,9,333,194,1,Maruti,21,3,2013,South,6:39,8:55,9843998.651,727090.5947,9844171.506,727002.5206,1,1,9,11,4
455,BatEaredFox,2,97,40,1,Maruti,21,3,2013,South,6:39,9:22,9842637.308,727045.74,9842632.434,727085.4418,1,1,9,11,1
456,Hyena,1,165,194,1,Maruti,21,3,2013,South,6:39,10:28,9841075.104,727548.3864,9840887.715,727598.5973,1,1,9,13,3
457,Hyena,1,354,612.5,1,Maruti,22,3,2013,South,6:39,8:55,9841302.03,728291.3367,9841911.175,728227.3131,1,1,8,12,9
458,Hyena,1,291,32.5,1,Maruti,22,3,2013,South,6:39,9:12,9842391.718,726622.7784,9842403.365,726592.437,1,1,8,12,1
459,BatEaredFox,1,93,23.5,1,Maruti,22,3,2013,South,6:39,9:37,9840914.095,727784.9171,9840912.865,727808.3849,1,1,8,13,1
460,Lion,3,342,486,1,Maruti,22,3,2013,South,6:39,10:56,9841093.997,725091.9167,9841556.211,724941.7344,1,1,8,10,7
461,Hyena,1,166,48,1,Maruti,23,3,2013,South,6:41,7:05,9842123.164,728371.4333,9842076.59,728383.0456,1,1,8,12,1
462,Hyena,2,327,180,1,Maruti,23,3,2013,South,6:41,7:21,9841169.713,728382.662,9841320.674,728284.627,1,1,8,12,1
463,BatEaredFox,4,341,34.5,1,Maruti,23,3,2013,South,6:41,7:39,9842146.802,726925.4516,9842179.422,726914.2195,1,1,8,12,1
464,Hyena,1,338,93.5,1,Maruti,23,3,2013,South,6:41,7:42,9842435.137,726543.3343,9842521.829,726508.3086,1,1,8,12,2
465,Hyena,1,102,245,1,Maruti,23,3,2013,South,6:41,8:06,9841231.225,727355.7024,9841180.287,727595.3486,1,1,8,12,3
466,Hyena,1,339,17,1,Maruti,23,3,2013,South,6:41,9:50,9842214.573,725062.7607,9842230.444,725056.6684,1,1,8,10,1
467,Hyena,1,83,50,1,Maruti,31,5,2013,South,6:29,6:52,9841563.486,728738.2775,9841569.579,728787.9048,1,1,9,12,1
468,Hyena,1,203,149,1,Maruti,31,5,2013,South,6:29,6:56,9841284.247,728881.701,9841147.092,728823.4821,1,1,9,12,1
469,Hyena,1,271,239.5,2,Maruti,1,7,2013,South,6:37,7:56,9845265.691,726028.888,9845269.871,725789.4245,1,1,10,11,5
470,BlackBackedJackal,1,258,22,2,WhiteCruiser,1,7,2013,South,6:37,9:06,9844050.027,727365.9063,9844045.453,727344.3871,1,1,10,11,1
471,BlackBackedJackal,1,298,72.5,2,WhiteCruiser,1,7,2013,South,6:37,10:06,9841150.138,728861.9404,9841184.175,728797.9267,1,1,10,12,2
472,SlenderMongoose,1,281,5,2,WhiteCruiser,1,7,2013,South,6:37,11:14,9840214.745,727516.4424,9840215.699,727511.5343,1,1,10,13,1
473,BlackBackedJackal,1,189,38,1,WhiteCruiser,2,7,2013,South,6:37,7:20,9844385.17,725544.5931,9844347.638,725538.6486,1,1,10,10,1
474,BlackBackedJackal,1,257,90,1,WhiteCruiser,2,7,2013,South,6:37,8:04,9844001.223,726482.2281,9843980.978,726394.5348,1,1,10,11,1
475,BlackBackedJackal,1,154,99,1,WhiteCruiser,2,7,2013,South,6:37,8:34,9842638.845,727100.854,9842549.864,727144.2528,1,1,10,11,2
476,BatEaredFox,3,353,37,1,WhiteCruiser,2,7,2013,South,6:37,9:19,9842134.733,726923.8455,9842171.457,726919.3363,1,1,10,12,1
477,BatEaredFox,3,329,33.5,2,WhiteCruiser,3,7,2013,South,6:30,7:34,9842142.264,726920.512,9842170.979,726903.2582,1,1,10,12,1
478,Hyena,1,191,118,2,WhiteCruiser,3,7,2013,South,6:30,7:46,9842218.759,725057.5303,9842102.927,725035.0149,1,1,10,10,2
479,Hyena,1,158,160,2,Maruti,9,8,2013,South,6:47,7:06,9840510.937,724244.6775,9840362.587,724304.6145,1,1,11,9,3
480,BlackBackedJackal,2,318,32,2,Maruti,9,8,2013,South,6:47,7:55,9841287.278,725193.9518,9841311.059,725172.5397,1,1,11,10,1
481,Hyena,2,111,85,2,Maruti,9,8,2013,South,6:47,9:47,9844672.808,727114.7341,9844642.347,727194.0884,1,1,11,11,1
482,BatEaredFox,2,57,59,2,Maruti,9,8,2013,South,6:47,11:41,9840591.75,727959.6681,9840623.883,728009.1497,1,1,11,13,2
483,Hyena,4,275,59,1,Maruti,10,8,2013,South,6:46,9:39,9839428.521,727198.6916,9839433.663,727139.9161,1,1,11,13,2
484,Serval,1,93,99,1,Maruti,11,8,2013,South,6:42,6:45,9842618.064,726424.8832,9842612.883,726523.7476,1,1,11,11,1
485,Hyena,1,127,17.5,1,Maruti,11,8,2013,South,6:42,7:02,9841799.732,728392.3237,9841789.2,728406.2998,1,1,11,12,1
486,Hyena,1,149,44,1,Maruti,11,8,2013,South,6:42,7:45,9841853.731,725673.7316,9841816.015,725696.3933,1,1,11,12,1
487,Hyena,5,133,70,1,Maruti,11,8,2013,South,6:42,7:46,9841855.864,725798.3632,9841808.124,725849.5579,1,1,11,12,1
488,Hyena,1,278,66,1,Maruti,11,8,2013,South,6:42,8:45,9838751.219,726398.6923,9838760.404,726333.3346,1,1,11,13,2
489,Hyena,1,16,134,1,Maruti,1,10,2013,South,6:25,6:58,9841316.364,725209.4558,9841445.174,725246.3912,1,1,12,10,1
490,Lion,8,41,216,1,Maruti,1,10,2013,South,6:25,7:21,9843602.793,723004.0004,9843765.81,723145.7092,1,1,12,10,1
491,BandedMongoose,5,28,113.5,1,Maruti,1,10,2013,South,6:25,8:38,9843971.721,726178.3685,9844071.936,726231.6535,1,1,12,11,3
492,BatEaredFox,2,2,39,1,Maruti,1,10,2013,South,6:25,8:40,9844073.231,725873.075,9844112.207,725874.4361,1,1,12,11,1
493,BatEaredFox,1,121,30,1,Maruti,1,10,2013,South,6:25,8:57,9842622.325,726975.0329,9842606.874,727000.7479,1,1,12,11,1
494,BatEaredFox,3,303,20,1,Maruti,1,10,2013,South,6:25,9:39,9842142.032,726920.12,9842152.925,726903.3466,1,1,12,12,1
495,Hyena,1,171,81,1,Maruti,1,10,2013,South,6:25,10:08,9840302.935,727682.3253,9840222.932,727694.9965,1,1,12,13,2
496,Lion,3,197,387,1,Maruti,1,10,2013,South,6:25,10:27,9839616.275,727261.857,9839246.185,727148.7091,1,1,12,13,1
497,Lion,8,103,164,1,Maruti,2,10,2013,South,6:25,6:39,9844253.466,723595.1174,9844216.574,723754.9141,1,1,12,10,3
498,BlackBackedJackal,1,231,138,1,Maruti,2,10,2013,South,6:25,8:40,9841492.241,728066.9416,9841405.395,727959.6954,1,1,12,12,3
499,BatEaredFox,2,343,68,1,Maruti,2,10,2013,South,6:25,8:49,9842210.836,726786.183,9842275.865,726766.3018,1,1,12,12,1
500,Serval,1,121,66,1,Maruti,2,10,2013,South,6:25,9:52,9838131.049,726064.8683,9838097.057,726121.4414,1,1,12,13,2
501,BlackBackedJackal,2,343,98,1,Maruti,3,10,2013,South,6:19,6:21,9842597.103,726300.3835,9842690.82,726271.7311,1,1,12,11,2
502,Hyena,2,237,174,1,Maruti,3,10,2013,South,6:19,6:56,9840901.243,728613.5265,9840806.476,728467.5978,1,1,12,12,1
503,Hyena,1,327,216.5,1,Maruti,3,10,2013,South,6:19,7:11,9842043.44,727077.4768,9842225.012,726959.5625,1,1,12,12,2
504,Hyena,1,17,140,1,Maruti,3,10,2013,South,6:19,7:12,9842156.355,726898.8788,9842290.238,726939.8109,1,1,12,12,3
505,BatEaredFox,2,353,21.5,1,Maruti,3,10,2013,South,6:19,7:14,9842243.902,726757.4479,9842265.241,726754.8277,1,1,12,12,1
506,Hyena,3,294,209,1,Maruti,3,10,2013,South,6:19,7:22,9842549.836,725380.1152,9842634.844,725189.1842,1,1,12,12,3
507,Hyena,1,139,207,1,Maruti,3,10,2013,South,6:19,7:46,9840550.558,727962.822,9840394.333,728098.6263,1,1,12,13,4
508,Hyena,1,297,252.5,1,Maruti,3,10,2013,South,6:19,8:15,9837163.261,725443.3245,9837277.894,725218.3453,1,1,12,13,2
509,BandedMongoose,9,204,39.5,1,Maruti,3,10,2013,South,6:19,8:39,9840762.952,724715.5172,9840726.867,724699.4511,1,1,12,9,1
510,Hyena,4,25,263.5,1,Maruti,25,11,2013,South,6:23,6:58,9841016.975,725065.277,9841255.787,725176.6369,1,1,13,9,1
511,BlackBackedJackal,1,355,110,1,Maruti,25,11,2013,South,6:23,7:03,9842087.595,725106.8635,9842197.176,725097.2764,1,1,13,10,1
512,BlackBackedJackal,7,119,108,1,Maruti,25,11,2013,South,6:23,8:39,9843316.233,725334.1277,9843263.874,725428.5867,1,1,13,11,1
513,BandedMongoose,13,25,84,1,Maruti,25,11,2013,South,6:23,8:54,9842592.806,727615.5254,9842668.936,727651.0254,1,1,13,12,2
514,BatEaredFox,3,89,49,1,Maruti,25,11,2013,South,6:23,10:05,9840938.772,727754.9152,9840939.627,727803.9077,1,1,13,13,1
515,Lion,2,223,240,2,Maruti,26,11,2013,South,6:25,6:46,9845334.361,724605.6458,9845158.836,724441.9662,1,1,13,10,4
516,BandedMongoose,4,51,24,2,Maruti,26,11,2013,South,6:25,7:03,9844381.799,725551.0372,9844396.903,725569.6887,0,1,13,10,1
517,BatEaredFox,3,292,32,2,Maruti,26,11,2013,South,6:25,7:45,9844056.621,725964.5884,9844068.609,725934.9185,1,1,13,11,1
518,BatEaredFox,2,92,95,2,Maruti,26,11,2013,South,6:25,8:14,9842621.441,726926.4971,9842618.125,727021.4392,1,1,13,11,1
519,BandedMongoose,15,349,57,2,Maruti,26,11,2013,South,6:25,9:11,9841837.333,727624.2863,9841893.286,727613.4102,1,1,13,12,2
520,Hyena,1,75,200,2,Maruti,26,11,2013,South,6:25,10:43,9840399.306,724962.0348,9840451.07,725155.2199,1,1,13,9,4
521,Hyena,2,0,0,2,Maruti,27,11,2013,South,6:23,6:23,9842595.027,726099.3106,9842595.027,726099.3106,1,0,13,11,1
522,BatEaredFox,2,131,20,2,Maruti,27,11,2013,South,6:23,6:32,9842620.684,726985.8076,9842607.563,727000.9018,1,1,13,11,1
523,BlackBackedJackal,2,24,103,2,Maruti,27,11,2013,South,6:23,6:33,9842636.419,727044.6661,9842730.515,727086.56,1,1,13,11,2
524,Hyena,2,101,75,2,Maruti,27,11,2013,South,6:23,6:34,9842654.044,727158.7512,9842639.733,727232.3732,1,1,13,11,1
525,Hyena,1,317,75,2,Maruti,27,11,2013,South,6:23,6:35,9842656.138,727160.0033,9842710.989,727108.8534,1,1,13,11,2
526,BlackBackedJackal,2,184,219,2,Maruti,27,11,2013,South,6:23,6:47,9842279.171,728473.1776,9842060.704,728457.9009,1,1,13,12,2
527,BlackBackedJackal,6,318,228,2,Maruti,27,11,2013,South,6:23,7:25,9842413.96,726589.4338,9842583.397,726436.8721,1,1,13,12,3
528,Hyena,1,90,319,2,Maruti,27,11,2013,South,6:23,7:45,9841854.26,725840.7011,9841854.26,726159.7011,1,1,13,12,2
529,Serval,1,327,95,2,Maruti,27,11,2013,South,6:23,9:53,9841577.704,725295.5596,9841657.378,725243.8189,1,1,13,10,2
530,Hyena,1,161,68.5,1,Maruti,27,12,2013,South,6:31,6:55,9842463.271,724310.6883,9842398.503,724332.9897,1,1,14,9,1
531,Hyena,1,185,136.5,1,Maruti,27,12,2013,South,6:31,7:03,9840966.935,724874.3711,9840830.955,724862.4743,1,1,14,9,2
532,Hyena,3,41,119,1,Maruti,27,12,2013,South,6:31,7:06,9841152.747,725119.2774,9841242.558,725197.3485,1,1,14,10,1
533,Lion,4,232,74,1,Maruti,27,12,2013,South,6:31,8:57,9842441.805,728524.8622,9842396.246,728466.5494,1,1,14,12,2
534,Hyena,10,25,452,1,Maruti,27,12,2013,South,6:31,10:22,9837962.83,724380.5391,9838372.481,724571.5625,1,1,14,13,3
535,Hyena,3,283,353,1,Maruti,28,12,2013,South,6:28,6:46,9845313.463,724587.481,9845392.871,724243.5283,1,1,14,10,7
536,BlackBackedJackal,2,138,95,1,Maruti,28,12,2013,South,6:28,6:54,9844938.575,724581.3362,9844867.976,724644.9036,1,1,14,10,1
537,Hyena,1,242,304.5,1,Maruti,28,12,2013,South,6:28,7:34,9844003.943,726584.6841,9843860.988,726315.8266,1,1,14,11,3
538,Hyena,5,177,276,1,Maruti,28,12,2013,South,6:28,7:48,9844273.237,725172.7501,9843997.616,725187.1948,1,1,14,11,1
539,Hyena,1,42,90.5,1,Maruti,28,12,2013,South,6:28,7:58,9842587.211,726184.8506,9842654.466,726245.4069,1,1,14,11,2
540,Lion,3,153,493,1,Maruti,28,12,2013,South,6:28,8:15,9842157.874,728381.1116,9841718.607,728604.929,1,1,14,12,2
541,BatEaredFox,3,37,113,1,Maruti,28,12,2013,South,6:28,8:42,9842408.817,726597.3506,9842499.063,726665.3556,1,1,14,12,3
542,Hyena,1,54,123,1,Maruti,28,12,2013,South,6:28,9:39,9838337.269,724463.2202,9838409.566,724562.7293,1,1,14,13,3
543,BandedMongoose,5,276,60,1,Maruti,28,12,2013,South,6:28,9:54,9840194.879,723924.1887,9840201.151,723864.5173,1,1,14,9,1
544,Hyena,3,32,123,1,Maruti,28,12,2013,South,6:28,10:14,9841149.181,725116.3167,9841253.491,725181.4967,1,1,14,10,1
545,Hyena,1,316,102.5,1,Maruti,29,12,2013,South,6:50,7:14,9841124.251,728793.9659,9841197.983,728722.7635,1,1,14,12,2
546,Hyena,1,322,131.5,1,Maruti,29,12,2013,South,6:50,7:22,9841151.82,728383.383,9841255.444,728302.4236,1,1,14,12,1
547,Hyena,1,133,14,1,Maruti,29,12,2013,South,6:50,7:42,9842224.841,725056.8639,9842215.293,725067.1029,1,1,14,10,1
548,Hyena,1,102,114,1,Maruti,29,12,2013,South,6:50,7:43,9842199.083,725062.0847,9842175.381,725173.5935,1,1,14,10,2
549,Hyena,1,203,110,1,Maruti,29,12,2013,South,6:50,8:04,9840335.995,727773.304,9840234.739,727730.3236,1,1,14,13,2
550,BlackBackedJackal,1,324,85.5,1,Maruti,22,2,2014,South,6:50,7:51,9844551.845,723988.1377,9844621.016,723937.882,1,1,15,10,2
551,Hyena,1,298,123,1,Maruti,22,2,2014,South,6:50,8:15,9845672.778,725745.6515,9845730.523,725637.0489,1,1,15,11,1
552,BatEaredFox,2,359,59,1,Maruti,22,2,2014,South,6:50,8:36,9843982.603,726974.6073,9844041.594,726973.5777,1,1,15,11,2
553,Hyena,1,289,226,1,Maruti,22,2,2014,South,6:50,9:21,9841106.776,728732.269,9841180.354,728518.5818,1,1,15,12,3
554,Hyena,1,219,175,1,Maruti,22,2,2014,South,6:50,9:23,9840921.459,728616.6797,9840785.458,728506.5487,1,1,15,12,2
555,BandedMongoose,2,13,31,1,Maruti,22,2,2014,South,6:50,10:15,9838637.393,726606.8697,9838667.599,726613.8432,1,1,15,13,1
556,Hyena,1,153,142,2,Maruti,23,2,2014,South,6:42,8:52,9842248.588,725060.9526,9842122.065,725125.4193,1,1,15,10,1
557,BatEaredFox,4,48,23,2,Maruti,23,2,2014,South,6:42,9:08,9841356.655,727190.0387,9841372.045,727207.131,1,1,15,12,1
558,BatEaredFox,4,338,64.5,1,Maruti,24,2,2014,South,6:51,7:25,9841096.197,728393.4655,9841156,728369.3033,1,1,15,12,1
559,BlackBackedJackal,1,148,268.5,1,Maruti,24,2,2014,South,6:51,8:45,9837068.43,725722.2172,9836840.729,725864.5005,1,1,15,13,4
560,Serval,1,35,14,1,Maruti,24,2,2014,South,6:51,9:05,9840653.218,724997.6578,9840664.686,725005.6879,1,1,15,9,1
561,Hyena,2,152,388.5,1,Maruti,21,3,2014,South,6:35,7:40,9844434.28,725464.5093,9844091.255,725646.899,1,1,16,10,2
562,Hyena,3,39,103,1,Maruti,21,3,2014,South,6:35,7:54,9844973.434,726184.8205,9845053.48,726249.6405,1,1,16,11,1
563,Hyena,1,32,78,1,Maruti,21,3,2014,South,6:35,8:00,9844857.084,726980.6902,9844923.231,727022.0239,1,1,16,11,2
564,Hyena,1,272,115.5,1,Maruti,21,3,2014,South,6:35,8:10,9843982.604,726973.5158,9843986.635,726858.0862,1,1,16,11,1
565,Hyena,2,28,243,1,Maruti,21,3,2014,South,6:35,8:30,9842617.248,726918.7681,9842831.804,727032.8497,1,1,16,11,4
566,Hyena,3,245,46,1,Maruti,21,3,2014,South,6:35,8:50,9841109.435,728734.4173,9841089.994,728692.7271,1,1,16,12,1
567,Hyena,1,28,30.5,1,Maruti,21,3,2014,South,6:35,9:07,9842026.376,727146.9705,9842053.306,727161.2894,1,1,16,12,1
568,BandedMongoose,20,353,132,1,Maruti,21,3,2014,South,6:35,9:09,9842248.456,726754.6995,9842379.472,726738.6127,1,1,16,12,2
569,Lion,9,93,217,2,Maruti,22,3,2014,South,6:37,7:00,9845362.966,724847.3371,9845351.609,725064.0397,1,1,16,10,1
570,BatEaredFox,5,295,110,2,Maruti,22,3,2014,South,6:37,8:57,9841074.886,728391.4124,9841121.374,728291.7186,1,1,16,12,2
571,BandedMongoose,11,238,36,2,Maruti,22,3,2014,South,6:37,9:59,9838597.878,726724.4745,9838578.801,726693.9448,1,1,16,13,1
572,BlackBackedJackal,1,285,168,1,Maruti,23,3,2014,South,6:38,7:11,9841759.827,727713.226,9841803.308,727550.9505,1,1,16,12,2
573,BatEaredFox,3,106,11,1,Maruti,23,3,2014,South,6:38,7:42,9841173.698,727433.0902,9841170.666,727443.6641,1,1,16,13,1
